latitude,longitude,elevation_m,date,weather_code,weather_description,temperature_2m_max,temperature_2m_min,temperature_2m_mean,apparent_temperature_max,apparent_temperature_min,apparent_temperature_mean,sunrise,sunset,daylight_duration,sunshine_duration,uv_index_max,uv_index_clear_sky_max,precipitation_sum,rain_sum,showers_sum,snowfall_sum,precipitation_hours,precipitation_probability_max,precipitation_probability_min,precipitation_probability_mean,wind_speed_10m_max,wind_gusts_10m_max,wind_direction_10m_dominant,shortwave_radiation_sum,et0_fao_evapotranspiration
38.3452,-0.4815,19.0,2023-01-02,3,Overcast,17.0,11.1,14.0,15.0,7.4,11.8,2023-01-02T09:19,2023-01-02T18:52,34404.94,29435.48,,,0.0,0.0,0.0,0.0,0.0,,,,8.9,14.0,339,7.79,1.67
38.3452,-0.4815,19.0,2023-01-03,51,Light drizzle,17.4,10.7,14.5,16.6,8.6,13.3,2023-01-03T09:19,2023-01-03T18:53,34449.26,31717.83,,,0.2,0.2,0.0,0.0,1.0,,,,11.9,18.4,331,9.3,1.53
38.3452,-0.4815,19.0,2023-01-04,2,Partly cloudy,16.7,8.8,12.8,15.3,6.1,11.3,2023-01-04T09:19,2023-01-04T18:54,34497.15,32747.72,,,0.0,0.0,0.0,0.0,0.0,,,,13.8,19.8,3,9.57,1.44
38.3452,-0.4815,19.0,2023-01-05,1,Mainly clear,16.5,7.8,11.8,14.5,4.7,9.6,2023-01-05T09:19,2023-01-05T18:55,34548.51,33141.31,,,0.0,0.0,0.0,0.0,0.0,,,,16.0,26.3,306,9.78,1.6
38.3452,-0.4815,19.0,2023-01-06,1,Mainly clear,16.9,7.0,11.5,14.1,3.8,9.1,2023-01-06T09:19,2023-01-06T18:55,34603.22,33192.32,,,0.0,0.0,0.0,0.0,0.0,,,,17.1,27.4,252,9.85,1.64
38.3452,-0.4815,19.0,2023-01-07,0,Clear sky,18.5,6.6,12.1,13.9,2.8,8.4,2023-01-07T09:19,2023-01-07T18:56,34661.2,33925.73,,,0.0,0.0,0.0,0.0,0.0,,,,24.1,37.4,254,10.31,2.53
38.3452,-0.4815,19.0,2023-01-08,53,Moderate drizzle,18.3,10.1,14.2,16.1,7.3,11.7,2023-01-08T09:19,2023-01-08T18:57,34722.33,14619.72,,,0.8,0.8,0.0,0.0,1.0,,,,18.6,27.4,250,5.8,1.89
38.3452,-0.4815,19.0,2023-01-09,3,Overcast,23.2,14.1,18.7,18.9,12.3,15.6,2023-01-09T09:18,2023-01-09T18:58,34786.51,32000.21,,,0.0,0.0,0.0,0.0,0.0,,,,31.4,50.4,274,9.54,3.59
38.3452,-0.4815,19.0,2023-01-10,1,Mainly clear,22.1,8.6,14.6,18.8,4.8,11.5,2023-01-10T09:18,2023-01-10T18:59,34853.63,34075.11,,,0.0,0.0,0.0,0.0,0.0,,,,22.0,35.6,275,10.21,2.69
38.3452,-0.4815,19.0,2023-01-11,3,Overcast,21.2,10.8,14.7,19.0,6.9,11.8,2023-01-11T09:18,2023-01-11T19:00,34923.58,34124.29,,,0.0,0.0,0.0,0.0,0.0,,,,20.4,32.4,310,10.34,2.65
38.3452,-0.4815,19.0,2023-01-12,3,Overcast,16.8,11.5,13.9,14.5,8.7,12.1,2023-01-12T09:18,2023-01-12T19:01,34996.28,33835.14,,,0.0,0.0,0.0,0.0,0.0,,,,13.4,24.1,44,10.22,1.82
38.3452,-0.4815,19.0,2023-01-13,3,Overcast,16.7,9.5,12.7,14.2,5.1,9.5,2023-01-13T09:18,2023-01-13T19:02,35071.61,33883.92,,,0.0,0.0,0.0,0.0,0.0,,,,22.6,32.4,284,10.03,2.35
38.3452,-0.4815,19.0,2023-01-14,1,Mainly clear,18.6,7.4,12.1,14.1,3.7,8.9,2023-01-14T09:17,2023-01-14T19:03,35149.45,34592.54,,,0.0,0.0,0.0,0.0,0.0,,,,22.1,36.0,253,10.85,2.4
38.3452,-0.4815,19.0,2023-01-15,3,Overcast,21.7,9.1,14.9,17.0,4.9,10.4,2023-01-15T09:17,2023-01-15T19:04,35229.72,34294.69,,,0.0,0.0,0.0,0.0,0.0,,,,29.1,46.8,279,10.68,3.87
38.3452,-0.4815,19.0,2023-01-16,3,Overcast,17.3,10.8,13.6,10.1,1.7,7.1,2023-01-16T09:17,2023-01-16T19:05,35312.31,29488.76,,,0.0,0.0,0.0,0.0,0.0,,,,49.4,73.8,271,8.02,4.09
38.3452,-0.4815,19.0,2023-01-17,3,Overcast,21.3,14.7,16.9,13.4,8.9,10.7,2023-01-17T09:16,2023-01-17T19:06,35397.13,29361.48,,,0.0,0.0,0.0,0.0,0.0,,,,45.7,81.7,254,9.03,5.21
38.3452,-0.4815,19.0,2023-01-18,3,Overcast,14.3,8.7,11.5,8.0,1.2,4.9,2023-01-18T09:16,2023-01-18T19:07,35484.18,34723.38,,,0.0,0.0,0.0,0.0,0.0,,,,40.2,62.6,289,10.83,4.07
38.3452,-0.4815,19.0,2023-01-19,3,Overcast,15.5,7.7,10.8,8.6,-0.9,3.5,2023-01-19T09:16,2023-01-19T19:09,35574.44,34751.07,,,0.0,0.0,0.0,0.0,0.0,,,,44.3,65.5,293,10.78,4.38
38.3452,-0.4815,19.0,2023-01-20,3,Overcast,20.2,10.8,14.1,15.6,4.9,9.7,2023-01-20T09:15,2023-01-20T19:10,35667.97,33865.29,,,0.0,0.0,0.0,0.0,0.0,,,,30.4,47.2,253,10.82,3.33
38.3452,-0.4815,19.0,2023-01-21,3,Overcast,14.2,7.3,10.6,9.8,2.6,6.1,2023-01-21T09:14,2023-01-21T19:11,35764.6,34174.1,,,0.0,0.0,0.0,0.0,0.0,,,,34.0,54.4,25,11.33,2.68
38.3452,-0.4815,19.0,2023-01-22,0,Clear sky,11.6,1.9,7.8,6.0,-3.4,2.9,2023-01-22T09:14,2023-01-22T19:12,35864.17,34847.39,,,0.0,0.0,0.0,0.0,0.0,,,,23.2,37.8,277,12.14,2.7
38.3452,-0.4815,19.0,2023-01-23,3,Overcast,12.7,4.3,8.1,7.7,-1.3,2.8,2023-01-23T09:13,2023-01-23T19:13,35966.51,34883.67,,,0.0,0.0,0.0,0.0,0.0,,,,30.6,48.6,34,11.76,3.02
38.3452,-0.4815,19.0,2023-01-24,51,Light drizzle,11.5,3.2,7.9,6.7,-2.0,3.2,2023-01-24T09:13,2023-01-24T19:14,36071.45,33857.24,,,0.1,0.1,0.0,0.0,1.0,,,,25.3,40.3,36,8.75,2.1
38.3452,-0.4815,19.0,2023-01-25,3,Overcast,13.9,4.0,8.7,8.5,0.2,4.6,2023-01-25T09:12,2023-01-25T19:15,36178.83,28986.87,,,0.0,0.0,0.0,0.0,0.0,,,,25.8,42.5,1,9.72,2.19
38.3452,-0.4815,19.0,2023-01-26,2,Partly cloudy,13.0,4.2,8.5,9.0,-1.5,4.2,2023-01-26T09:11,2023-01-26T19:16,36288.5,34369.06,,,0.0,0.0,0.0,0.0,0.0,,,,20.8,34.6,343,11.25,2.37
38.3452,-0.4815,19.0,2023-01-27,2,Partly cloudy,14.1,2.8,8.5,10.1,-1.9,4.5,2023-01-27T09:11,2023-01-27T19:17,36400.29,35047.8,,,0.0,0.0,0.0,0.0,0.0,,,,16.4,28.8,351,12.28,2.37
38.3452,-0.4815,19.0,2023-01-28,3,Overcast,13.5,2.9,8.6,9.7,-1.7,4.8,2023-01-28T09:10,2023-01-28T19:19,36514.04,33006.06,,,0.0,0.0,0.0,0.0,0.0,,,,24.5,39.2,356,11.46,2.13
38.3452,-0.4815,19.0,2023-01-29,51,Light drizzle,11.7,2.7,7.8,7.4,-0.8,3.8,2023-01-29T09:09,2023-01-29T19:20,36629.62,31540.35,,,0.2,0.2,0.0,0.0,2.0,,,,24.5,38.2,21,9.37,1.78
38.3452,-0.4815,19.0,2023-01-30,0,Clear sky,13.6,3.8,8.7,9.8,-0.9,4.9,2023-01-30T09:08,2023-01-30T19:21,36746.86,35189.02,,,0.0,0.0,0.0,0.0,0.0,,,,18.2,31.7,327,12.63,2.22
38.3452,-0.4815,19.0,2023-01-31,0,Clear sky,13.9,3.0,8.8,11.0,-2.2,4.9,2023-01-31T09:07,2023-01-31T19:22,36865.63,35239.2,,,0.0,0.0,0.0,0.0,0.0,,,,17.1,27.0,335,12.99,2.45
38.3452,-0.4815,19.0,2023-02-01,0,Clear sky,13.8,5.1,9.8,10.9,0.6,6.4,2023-02-01T09:07,2023-02-01T19:23,36985.77,35290.85,,,0.0,0.0,0.0,0.0,0.0,,,,14.6,27.4,25,12.66,2.31
38.3452,-0.4815,19.0,2023-02-02,1,Mainly clear,14.5,4.5,9.9,12.3,-0.1,7.0,2023-02-02T09:06,2023-02-02T19:24,37107.14,35359.98,,,0.0,0.0,0.0,0.0,0.0,,,,16.0,24.1,339,12.99,2.1
38.3452,-0.4815,19.0,2023-02-03,0,Clear sky,15.7,5.1,10.3,12.5,1.3,6.9,2023-02-03T09:05,2023-02-03T19:25,37229.61,35398.3,,,0.0,0.0,0.0,0.0,0.0,,,,20.0,35.6,16,13.27,2.47
38.3452,-0.4815,19.0,2023-02-04,0,Clear sky,19.1,4.5,11.3,14.3,-0.6,7.5,2023-02-04T09:04,2023-02-04T19:27,37353.04,35713.35,,,0.0,0.0,0.0,0.0,0.0,,,,21.8,36.4,269,13.72,3.02
38.3452,-0.4815,19.0,2023-02-05,0,Clear sky,16.3,7.9,12.3,13.2,4.1,8.9,2023-02-05T09:03,2023-02-05T19:28,37477.29,35510.91,,,0.0,0.0,0.0,0.0,0.0,,,,27.8,45.0,58,13.44,2.72
38.3452,-0.4815,19.0,2023-02-06,53,Moderate drizzle,13.9,5.5,9.4,11.3,2.0,5.9,2023-02-06T09:02,2023-02-06T19:29,37602.23,29658.26,,,1.0,1.0,0.0,0.0,6.0,,,,32.1,52.6,24,8.23,1.62
38.3452,-0.4815,19.0,2023-02-07,51,Light drizzle,14.1,7.4,10.8,9.9,4.3,7.4,2023-02-07T09:01,2023-02-07T19:30,37727.9,30102.93,,,0.1,0.1,0.0,0.0,1.0,,,,22.5,37.1,34,10.17,2.07
38.3452,-0.4815,19.0,2023-02-08,51,Light drizzle,15.4,6.9,11.3,11.4,4.4,7.1,2023-02-08T09:00,2023-02-08T19:31,37855.48,33697.58,,,1.8,1.8,0.0,0.0,8.0,,,,35.9,55.1,35,11.45,2.39
38.3452,-0.4815,19.0,2023-02-09,61,Slight rain,13.3,9.4,11.2,8.8,5.6,7.4,2023-02-09T08:59,2023-02-09T19:32,37985.13,35171.04,,,2.4,2.4,0.0,0.0,6.0,,,,23.3,38.9,43,11.8,2.41
38.3452,-0.4815,19.0,2023-02-10,3,Overcast,13.0,6.5,9.8,8.2,2.3,5.4,2023-02-10T08:58,2023-02-10T19:33,38116.68,33536.89,,,0.0,0.0,0.0,0.0,0.0,,,,27.5,41.8,48,10.36,2.35
38.3452,-0.4815,19.0,2023-02-11,51,Light drizzle,13.0,9.2,11.1,7.1,4.8,6.1,2023-02-11T08:57,2023-02-11T19:34,38249.99,30309.06,,,0.3,0.3,0.0,0.0,2.0,,,,35.0,53.6,58,8.91,2.51
38.3452,-0.4815,19.0,2023-02-12,3,Overcast,13.5,8.7,11.2,8.3,3.7,6.5,2023-02-12T08:56,2023-02-12T19:36,38384.92,35015.7,,,0.0,0.0,0.0,0.0,0.0,,,,29.5,46.8,50,12.07,2.72
38.3452,-0.4815,19.0,2023-02-13,3,Overcast,14.3,8.0,11.0,10.3,3.9,7.1,2023-02-13T08:54,2023-02-13T19:37,38521.31,35790.05,,,0.0,0.0,0.0,0.0,0.0,,,,22.1,37.8,41,12.42,2.36
38.3452,-0.4815,19.0,2023-02-14,51,Light drizzle,14.8,10.2,12.4,9.6,5.7,8.2,2023-02-14T08:53,2023-02-14T19:38,38659.02,29702.94,,,0.2,0.2,0.0,0.0,2.0,,,,31.4,49.7,55,10.24,2.41
38.3452,-0.4815,19.0,2023-02-15,3,Overcast,15.1,11.5,13.0,10.3,7.0,8.8,2023-02-15T08:52,2023-02-15T19:39,38797.92,28289.5,,,0.0,0.0,0.0,0.0,0.0,,,,30.7,49.0,59,11.47,2.6
38.3452,-0.4815,19.0,2023-02-16,3,Overcast,16.0,8.0,12.4,12.5,4.7,9.2,2023-02-16T08:51,2023-02-16T19:40,38937.87,24786.47,,,0.0,0.0,0.0,0.0,0.0,,,,30.3,47.2,54,11.55,2.44
38.3452,-0.4815,19.0,2023-02-17,3,Overcast,15.6,7.7,12.1,11.3,4.0,8.5,2023-02-17T08:50,2023-02-17T19:41,39078.73,37325.77,,,0.0,0.0,0.0,0.0,0.0,,,,27.7,45.0,58,14.32,2.72
38.3452,-0.4815,19.0,2023-02-18,3,Overcast,15.1,11.1,12.7,11.8,7.9,10.0,2023-02-18T08:48,2023-02-18T19:42,39220.36,28456.49,,,0.0,0.0,0.0,0.0,0.0,,,,18.4,32.4,61,10.48,2.12
38.3452,-0.4815,19.0,2023-02-19,63,Moderate rain,15.6,9.3,12.3,13.4,7.2,10.6,2023-02-19T08:47,2023-02-19T19:43,39362.65,37859.84,,,6.8,6.8,0.0,0.0,7.0,,,,16.1,28.8,65,14.45,2.03
38.3452,-0.4815,19.0,2023-02-20,3,Overcast,17.1,9.5,13.9,13.8,6.0,11.7,2023-02-20T08:46,2023-02-20T19:44,39505.45,38125.49,,,0.0,0.0,0.0,0.0,0.0,,,,20.4,37.1,80,15.44,2.61
38.3452,-0.4815,19.0,2023-02-21,53,Moderate drizzle,17.9,10.3,14.0,16.3,7.2,12.1,2023-02-21T08:44,2023-02-21T19:45,39648.65,35616.58,,,0.8,0.8,0.0,0.0,3.0,,,,16.4,30.2,133,13.19,2.35
38.3452,-0.4815,19.0,2023-02-22,3,Overcast,19.4,8.8,13.7,17.9,6.2,11.9,2023-02-22T08:43,2023-02-22T19:47,39792.13,38047.59,,,0.0,0.0,0.0,0.0,0.0,,,,19.8,36.0,35,15.29,2.43
38.3452,-0.4815,19.0,2023-02-23,51,Light drizzle,15.9,9.8,13.3,14.5,8.4,12.7,2023-02-23T08:42,2023-02-23T19:48,39935.75,21292.09,,,0.1,0.1,0.0,0.0,1.0,,,,16.1,28.8,132,11.08,1.63
38.3452,-0.4815,19.0,2023-02-24,51,Light drizzle,14.7,9.2,11.9,12.0,4.2,8.2,2023-02-24T08:41,2023-02-24T19:49,40079.39,24987.89,,,0.4,0.4,0.0,0.0,1.0,,,,19.3,30.6,25,11.1,2.75
38.3452,-0.4815,19.0,2023-02-25,55,Dense drizzle,17.2,6.1,11.3,12.5,0.5,6.6,2023-02-25T08:39,2023-02-25T19:50,40222.95,35878.56,,,1.5,1.5,0.0,0.0,2.0,,,,28.8,45.4,269,15.03,3.74
38.3452,-0.4815,19.0,2023-02-26,2,Partly cloudy,17.9,7.0,12.0,10.6,0.7,6.0,2023-02-26T08:38,2023-02-26T19:51,40366.31,37595.36,,,0.0,0.0,0.0,0.0,0.0,,,,35.3,55.8,294,15.78,4.6
38.3452,-0.4815,19.0,2023-02-27,2,Partly cloudy,12.8,5.0,9.1,6.6,-2.6,2.7,2023-02-27T08:36,2023-02-27T19:52,40509.48,36137.38,,,0.0,0.0,0.0,0.0,0.0,,,,31.9,49.3,327,16.26,4.43
38.3452,-0.4815,19.0,2023-02-28,3,Overcast,15.5,1.7,9.0,10.3,-2.8,4.2,2023-02-28T08:35,2023-02-28T19:53,40653.63,38959.91,,,0.0,0.0,0.0,0.0,0.0,,,,28.7,45.7,240,16.18,3.48
38.3452,-0.4815,19.0,2023-03-01,51,Light drizzle,13.0,3.4,9.2,9.8,-1.6,5.6,2023-03-01T08:34,2023-03-01T19:54,40798.93,38687.04,,,0.8,0.8,0.0,0.0,3.0,,,,18.7,32.8,25,15.62,2.58
38.3452,-0.4815,19.0,2023-03-02,3,Overcast,12.2,3.7,8.4,8.2,-1.3,4.0,2023-03-02T08:32,2023-03-02T19:55,40945.27,39083.92,,,0.0,0.0,0.0,0.0,0.0,,,,20.6,38.2,241,17.14,3.16
38.3452,-0.4815,19.0,2023-03-03,3,Overcast,14.6,3.3,9.2,10.4,-2.2,4.9,2023-03-03T08:31,2023-03-03T19:56,41092.53,39145.5,,,0.0,0.0,0.0,0.0,0.0,,,,23.2,39.6,15,15.81,3.07
38.3452,-0.4815,19.0,2023-03-04,0,Clear sky,15.2,4.7,10.2,12.5,0.5,7.0,2023-03-04T08:29,2023-03-04T19:57,41240.61,39206.79,,,0.0,0.0,0.0,0.0,0.0,,,,22.0,38.5,226,17.55,2.82
38.3452,-0.4815,19.0,2023-03-05,3,Overcast,16.1,5.1,11.0,13.0,1.5,8.1,2023-03-05T08:28,2023-03-05T19:58,41389.38,35625.68,,,0.0,0.0,0.0,0.0,0.0,,,,20.5,36.0,222,15.72,2.6
38.3452,-0.4815,19.0,2023-03-06,51,Light drizzle,21.0,9.6,14.4,15.3,6.4,10.6,2023-03-06T08:26,2023-03-06T19:59,41538.76,38884.42,,,0.4,0.4,0.0,0.0,2.0,,,,28.7,45.7,258,15.57,3.64
38.3452,-0.4815,19.0,2023-03-07,3,Overcast,23.5,11.0,17.2,18.1,9.0,13.8,2023-03-07T08:25,2023-03-07T20:00,41688.61,39389.02,,,0.0,0.0,0.0,0.0,0.0,,,,28.5,46.8,278,17.24,4.59
38.3452,-0.4815,19.0,2023-03-08,3,Overcast,22.8,13.0,17.6,19.1,10.3,14.4,2023-03-08T08:23,2023-03-08T20:01,41838.86,39267.87,,,0.0,0.0,0.0,0.0,0.0,,,,40.7,67.3,220,16.84,4.25
38.3452,-0.4815,19.0,2023-03-09,3,Overcast,24.0,15.4,20.3,19.7,13.0,16.9,2023-03-09T08:22,2023-03-09T20:02,41989.38,39509.15,,,0.0,0.0,0.0,0.0,0.0,,,,33.4,51.1,263,14.27,5.07
38.3452,-0.4815,19.0,2023-03-10,3,Overcast,26.5,16.6,20.8,20.6,10.0,15.5,2023-03-10T08:20,2023-03-10T20:03,42140.07,34979.26,,,0.0,0.0,0.0,0.0,0.0,,,,50.6,77.0,282,16.99,6.75
38.3452,-0.4815,19.0,2023-03-11,3,Overcast,29.9,17.3,23.0,25.7,14.0,19.1,2023-03-11T08:19,2023-03-11T20:04,42290.83,40288.43,,,0.0,0.0,0.0,0.0,0.0,,,,33.9,53.3,280,18.79,7.06
38.3452,-0.4815,19.0,2023-03-12,3,Overcast,25.2,17.5,20.7,23.9,15.6,19.1,2023-03-12T08:17,2023-03-12T20:05,42441.56,40241.27,,,0.0,0.0,0.0,0.0,0.0,,,,25.8,38.5,322,18.33,4.57
38.3452,-0.4815,19.0,2023-03-13,3,Overcast,22.4,13.4,18.3,20.9,12.7,17.4,2023-03-13T08:16,2023-03-13T20:06,42592.16,39899.92,,,0.0,0.0,0.0,0.0,0.0,,,,19.5,35.6,201,18.55,3.57
38.3452,-0.4815,19.0,2023-03-14,3,Overcast,25.7,14.7,19.8,19.8,9.0,15.1,2023-03-14T08:14,2023-03-14T20:07,42742.52,40441.35,,,0.0,0.0,0.0,0.0,0.0,,,,37.0,59.4,292,19.29,6.22
38.3452,-0.4815,19.0,2023-03-15,1,Mainly clear,19.5,11.8,15.8,17.2,8.2,13.3,2023-03-15T08:13,2023-03-15T20:08,42892.54,41276.27,,,0.0,0.0,0.0,0.0,0.0,,,,17.7,33.8,48,19.54,4.08
38.3452,-0.4815,19.0,2023-03-16,2,Partly cloudy,18.6,11.9,15.2,16.3,11.0,13.7,2023-03-16T08:11,2023-03-16T20:09,43042.12,40935.37,,,0.0,0.0,0.0,0.0,0.0,,,,17.8,32.8,89,19.77,3.47
38.3452,-0.4815,19.0,2023-03-17,3,Overcast,19.2,12.0,15.1,15.9,8.1,12.7,2023-03-17T08:10,2023-03-17T20:10,43191.16,40888.75,,,0.0,0.0,0.0,0.0,0.0,,,,22.1,39.2,160,17.95,3.37
38.3452,-0.4815,19.0,2023-03-18,61,Slight rain,21.6,9.9,15.0,19.0,8.1,13.6,2023-03-18T08:08,2023-03-18T20:11,43339.56,28314.26,,,2.5,2.5,0.0,0.0,2.0,,,,26.7,45.7,242,13.08,2.53
38.3452,-0.4815,19.0,2023-03-19,2,Partly cloudy,19.6,12.7,16.0,15.8,9.5,12.9,2023-03-19T08:07,2023-03-19T20:12,43487.34,41970.78,,,0.0,0.0,0.0,0.0,0.0,,,,31.0,51.1,76,18.74,3.97
38.3452,-0.4815,19.0,2023-03-20,3,Overcast,19.1,9.0,14.3,17.5,6.3,12.9,2023-03-20T08:05,2023-03-20T20:13,43635.57,42511.53,,,0.0,0.0,0.0,0.0,0.0,,,,16.9,32.0,199,20.26,3.27
38.3452,-0.4815,19.0,2023-03-21,3,Overcast,17.7,9.7,14.0,16.9,7.5,12.7,2023-03-21T08:04,2023-03-21T20:14,43784.41,38382.84,,,0.0,0.0,0.0,0.0,0.0,,,,16.6,31.7,200,19.17,2.85
38.3452,-0.4815,19.0,2023-03-22,1,Mainly clear,18.2,9.5,14.1,17.8,7.8,13.3,2023-03-22T08:02,2023-03-22T20:15,43933.78,42712.04,,,0.0,0.0,0.0,0.0,0.0,,,,15.5,30.6,178,20.06,2.97
38.3452,-0.4815,19.0,2023-03-23,3,Overcast,20.5,10.6,15.5,18.7,8.5,14.0,2023-03-23T08:01,2023-03-23T20:16,44083.57,41492.1,,,0.0,0.0,0.0,0.0,0.0,,,,18.1,33.8,199,20.87,3.56
38.3452,-0.4815,19.0,2023-03-24,3,Overcast,26.3,11.2,18.3,22.8,6.8,15.5,2023-03-24T07:59,2023-03-24T20:17,44233.69,35719.81,,,0.0,0.0,0.0,0.0,0.0,,,,31.5,50.4,227,18.32,4.68
38.3452,-0.4815,19.0,2023-03-25,3,Overcast,23.2,16.3,19.6,21.2,14.5,17.8,2023-03-25T07:58,2023-03-25T20:17,44384.06,43042.95,,,0.0,0.0,0.0,0.0,0.0,,,,23.8,43.2,212,20.88,4.51
38.3452,-0.4815,19.0,2023-03-26,3,Overcast,27.7,15.5,22.1,25.4,13.1,19.3,2023-03-26T07:56,2023-03-26T20:18,44534.57,43136.58,,,0.0,0.0,0.0,0.0,0.0,,,,22.0,39.6,257,21.43,6.3
38.3452,-0.4815,19.0,2023-03-27,3,Overcast,23.4,11.6,17.2,18.6,6.8,13.5,2023-03-27T07:54,2023-03-27T20:19,44685.14,43200.0,,,0.0,0.0,0.0,0.0,0.0,,,,24.0,41.4,90,22.01,5.23
38.3452,-0.4815,19.0,2023-03-28,3,Overcast,17.6,10.2,14.6,16.4,6.9,12.8,2023-03-28T07:53,2023-03-28T20:20,44835.66,43200.0,,,0.0,0.0,0.0,0.0,0.0,,,,16.3,31.7,76,21.57,3.58
38.3452,-0.4815,19.0,2023-03-29,3,Overcast,18.5,10.1,15.0,16.9,8.1,13.7,2023-03-29T07:51,2023-03-29T20:21,44986.05,43200.0,,,0.0,0.0,0.0,0.0,0.0,,,,15.1,30.2,147,22.22,3.56
38.3452,-0.4815,19.0,2023-03-30,3,Overcast,28.0,12.3,19.3,25.4,8.7,16.7,2023-03-30T07:50,2023-03-30T20:22,45136.22,42809.06,,,0.0,0.0,0.0,0.0,0.0,,,,29.2,49.3,211,21.66,5.19
38.3452,-0.4815,19.0,2023-03-31,3,Overcast,30.9,19.7,24.8,27.7,15.4,20.6,2023-03-31T07:48,2023-03-31T20:23,45286.05,39118.39,,,0.0,0.0,0.0,0.0,0.0,,,,27.7,43.2,267,19.98,8.13
38.3452,-0.4815,19.0,2023-04-01,3,Overcast,24.8,17.6,19.9,20.2,16.0,17.4,2023-04-01T07:47,2023-04-01T20:24,45435.46,23467.22,,,0.0,0.0,0.0,0.0,0.0,,,,26.9,41.0,272,13.02,4.23
38.3452,-0.4815,19.0,2023-04-02,3,Overcast,22.7,13.0,17.7,20.2,8.2,14.4,2023-04-02T07:45,2023-04-02T20:25,45584.35,39777.67,,,0.0,0.0,0.0,0.0,0.0,,,,29.2,50.0,60,21.11,4.97
38.3452,-0.4815,19.0,2023-04-03,3,Overcast,18.2,9.8,14.9,16.2,5.6,12.0,2023-04-03T07:44,2023-04-03T20:26,45732.63,43200.0,,,0.0,0.0,0.0,0.0,0.0,,,,21.1,38.5,75,22.89,4.37
38.3452,-0.4815,19.0,2023-04-04,3,Overcast,18.0,10.0,14.7,16.5,7.8,12.8,2023-04-04T07:42,2023-04-04T20:27,45880.17,43200.0,,,0.0,0.0,0.0,0.0,0.0,,,,16.2,29.2,81,21.78,3.68
38.3452,-0.4815,19.0,2023-04-05,0,Clear sky,17.7,10.2,14.5,16.2,7.1,12.3,2023-04-05T07:41,2023-04-05T20:28,46026.9,43200.0,,,0.0,0.0,0.0,0.0,0.0,,,,17.4,33.8,60,23.48,3.85
38.3452,-0.4815,19.0,2023-04-06,3,Overcast,17.7,10.3,14.6,15.3,6.3,11.5,2023-04-06T07:39,2023-04-06T20:29,46172.71,43200.0,,,0.0,0.0,0.0,0.0,0.0,,,,17.6,32.8,49,21.25,4.21
38.3452,-0.4815,19.0,2023-04-07,0,Clear sky,19.1,9.8,15.1,17.2,5.6,12.1,2023-04-07T07:38,2023-04-07T20:30,46317.47,43200.0,,,0.0,0.0,0.0,0.0,0.0,,,,16.3,32.4,108,24.08,4.69
38.3452,-0.4815,19.0,2023-04-08,2,Partly cloudy,20.4,10.2,15.8,19.4,6.8,13.8,2023-04-08T07:36,2023-04-08T20:31,46461.24,43200.0,,,0.0,0.0,0.0,0.0,0.0,,,,19.0,34.9,182,23.87,4.29
38.3452,-0.4815,19.0,2023-04-09,3,Overcast,19.9,10.9,16.2,18.9,9.0,15.1,2023-04-09T07:35,2023-04-09T20:32,46604.99,43200.0,,,0.0,0.0,0.0,0.0,0.0,,,,20.9,38.2,192,23.23,3.77
38.3452,-0.4815,19.0,2023-04-10,3,Overcast,19.7,11.2,15.8,19.5,10.2,15.6,2023-04-10T07:33,2023-04-10T20:33,46748.9,43200.0,,,0.0,0.0,0.0,0.0,0.0,,,,17.7,33.5,77,21.91,3.14
38.3452,-0.4815,19.0,2023-04-11,3,Overcast,19.6,13.5,16.8,19.6,12.8,16.5,2023-04-11T07:32,2023-04-11T20:33,46892.89,43200.0,,,0.0,0.0,0.0,0.0,0.0,,,,16.1,32.8,94,23.8,3.67
38.3452,-0.4815,19.0,2023-04-12,3,Overcast,28.1,14.4,22.0,25.3,13.0,18.9,2023-04-12T07:30,2023-04-12T20:34,47036.83,43200.0,,,0.0,0.0,0.0,0.0,0.0,,,,32.8,53.6,230,24.36,7.04
38.3452,-0.4815,19.0,2023-04-13,53,Moderate drizzle,24.2,15.0,18.0,19.4,12.4,15.5,2023-04-13T07:29,2023-04-13T20:35,47180.65,37478.94,,,0.8,0.8,0.0,0.0,1.0,,,,26.0,43.9,69,22.75,4.89
38.3452,-0.4815,19.0,2023-04-14,3,Overcast,25.3,13.1,18.8,22.3,7.6,14.9,2023-04-14T07:27,2023-04-14T20:36,47324.24,42867.92,,,0.0,0.0,0.0,0.0,0.0,,,,32.8,57.2,252,19.52,5.72
38.3452,-0.4815,19.0,2023-04-15,3,Overcast,26.9,18.1,21.0,25.4,12.4,17.8,2023-04-15T07:26,2023-04-15T20:37,47467.51,43200.0,,,0.0,0.0,0.0,0.0,0.0,,,,31.6,48.6,352,24.64,6.61
38.3452,-0.4815,19.0,2023-04-16,1,Mainly clear,18.6,14.4,17.0,16.6,12.3,14.5,2023-04-16T07:24,2023-04-16T20:38,47610.35,43355.86,,,0.0,0.0,0.0,0.0,0.0,,,,30.4,50.4,81,23.72,4.48
38.3452,-0.4815,19.0,2023-04-17,0,Clear sky,19.2,10.3,15.6,18.0,8.5,13.9,2023-04-17T07:23,2023-04-17T20:39,47752.67,43329.52,,,0.0,0.0,0.0,0.0,0.0,,,,18.3,34.9,157,24.4,4.18
38.3452,-0.4815,19.0,2023-04-18,1,Mainly clear,18.8,12.8,16.2,17.0,9.8,13.6,2023-04-18T07:22,2023-04-18T20:40,47894.36,43602.61,,,0.0,0.0,0.0,0.0,0.0,,,,22.7,39.2,67,24.58,4.53
38.3452,-0.4815,19.0,2023-04-19,3,Overcast,20.2,13.9,17.0,15.8,10.8,13.5,2023-04-19T07:20,2023-04-19T20:41,48035.31,43200.0,,,0.0,0.0,0.0,0.0,0.0,,,,36.4,59.0,69,23.46,4.97
38.3452,-0.4815,19.0,2023-04-20,3,Overcast,20.9,11.6,16.8,18.6,8.7,14.7,2023-04-20T07:19,2023-04-20T20:42,48175.41,43551.22,,,0.0,0.0,0.0,0.0,0.0,,,,24.5,43.2,191,25.21,4.59
38.3452,-0.4815,19.0,2023-04-21,3,Overcast,20.4,13.5,17.4,19.6,12.6,16.7,2023-04-21T07:17,2023-04-21T20:43,48314.56,44211.77,,,0.0,0.0,0.0,0.0,0.0,,,,18.8,36.0,173,25.31,4.15
38.3452,-0.4815,19.0,2023-04-22,3,Overcast,20.9,13.8,18.1,21.1,11.8,18.0,2023-04-22T07:16,2023-04-22T20:44,48452.64,39600.0,,,0.0,0.0,0.0,0.0,0.0,,,,15.0,32.0,143,21.38,3.71
38.3452,-0.4815,19.0,2023-04-23,1,Mainly clear,24.9,15.9,20.0,23.2,12.5,18.8,2023-04-23T07:15,2023-04-23T20:45,48589.55,44690.13,,,0.0,0.0,0.0,0.0,0.0,,,,23.2,41.4,118,25.54,5.19
38.3452,-0.4815,19.0,2023-04-24,3,Overcast,23.8,15.7,19.7,23.1,12.3,18.4,2023-04-24T07:13,2023-04-24T20:46,48725.15,44327.26,,,0.0,0.0,0.0,0.0,0.0,,,,19.4,41.0,130,25.17,5.09
38.3452,-0.4815,19.0,2023-04-25,3,Overcast,26.4,14.7,20.7,25.2,14.0,20.3,2023-04-25T07:12,2023-04-25T20:47,48859.33,43200.0,,,0.0,0.0,0.0,0.0,0.0,,,,23.0,42.8,168,24.43,4.98
38.3452,-0.4815,19.0,2023-04-26,3,Overcast,25.2,17.0,20.6,24.8,16.6,20.4,2023-04-26T07:11,2023-04-26T20:48,48991.98,44207.48,,,0.0,0.0,0.0,0.0,0.0,,,,24.2,42.5,97,25.1,4.62
38.3452,-0.4815,19.0,2023-04-27,3,Overcast,22.2,16.1,19.5,22.9,16.7,19.9,2023-04-27T07:10,2023-04-27T20:49,49122.96,45060.97,,,0.0,0.0,0.0,0.0,0.0,,,,16.7,33.1,93,24.39,4.15
38.3452,-0.4815,19.0,2023-04-28,3,Overcast,23.5,17.7,20.8,23.5,17.2,20.7,2023-04-28T07:08,2023-04-28T20:50,49252.27,38789.04,,,0.0,0.0,0.0,0.0,0.0,,,,22.3,41.8,89,23.4,4.48
38.3452,-0.4815,19.0,2023-04-29,51,Light drizzle,29.3,17.9,23.4,27.9,17.6,22.4,2023-04-29T07:07,2023-04-29T20:50,49380.88,37885.11,,,0.5,0.5,0.0,0.0,2.0,,,,28.9,48.2,189,20.67,5.45
38.3452,-0.4815,19.0,2023-04-30,3,Overcast,24.4,17.3,20.9,24.3,17.9,20.9,2023-04-30T07:06,2023-04-30T20:51,49508.92,38512.42,,,0.0,0.0,0.0,0.0,0.0,,,,18.3,34.9,169,20.93,4.19
38.3452,-0.4815,19.0,2023-05-01,61,Slight rain,22.4,16.3,19.6,23.4,16.5,20.0,2023-05-01T07:05,2023-05-01T20:52,49636.31,45146.87,,,2.6,2.6,0.0,0.0,2.0,,,,19.5,33.8,101,24.45,4.24
38.3452,-0.4815,19.0,2023-05-02,3,Overcast,22.7,15.0,19.6,23.2,14.4,19.7,2023-05-02T07:04,2023-05-02T20:53,49762.92,42028.98,,,0.0,0.0,0.0,0.0,0.0,,,,21.3,40.3,92,25.63,4.44
38.3452,-0.4815,19.0,2023-05-03,3,Overcast,22.6,16.0,19.7,21.4,14.8,18.8,2023-05-03T07:03,2023-05-03T20:54,49888.67,38294.27,,,0.0,0.0,0.0,0.0,0.0,,,,20.0,38.2,78,24.17,4.72
38.3452,-0.4815,19.0,2023-05-04,3,Overcast,23.9,15.8,19.9,21.9,13.0,18.6,2023-05-04T07:01,2023-05-04T20:55,50013.42,34825.9,,,0.0,0.0,0.0,0.0,0.0,,,,18.8,34.6,157,22.07,4.52
38.3452,-0.4815,19.0,2023-05-05,3,Overcast,22.2,16.0,19.4,23.8,16.8,20.0,2023-05-05T07:00,2023-05-05T20:56,50137.09,46788.21,,,0.0,0.0,0.0,0.0,0.0,,,,15.7,31.7,106,26.18,4.43
38.3452,-0.4815,19.0,2023-05-06,3,Overcast,23.6,17.3,20.4,23.1,15.5,19.8,2023-05-06T06:59,2023-05-06T20:57,50259.55,44935.36,,,0.0,0.0,0.0,0.0,0.0,,,,22.0,39.2,89,23.86,4.74
38.3452,-0.4815,19.0,2023-05-07,3,Overcast,23.4,17.8,20.6,22.7,17.2,20.2,2023-05-07T06:58,2023-05-07T20:58,50380.69,42335.62,,,0.0,0.0,0.0,0.0,0.0,,,,20.6,38.2,114,23.66,4.7
38.3452,-0.4815,19.0,2023-05-08,3,Overcast,24.4,17.0,20.6,24.2,18.0,21.1,2023-05-08T06:57,2023-05-08T20:59,50500.38,44626.37,,,0.0,0.0,0.0,0.0,0.0,,,,20.2,39.6,158,23.43,4.29
38.3452,-0.4815,19.0,2023-05-09,3,Overcast,24.1,17.2,20.9,24.1,16.6,21.0,2023-05-09T06:56,2023-05-09T21:00,50618.53,45049.95,,,0.0,0.0,0.0,0.0,0.0,,,,26.5,45.4,177,25.32,4.73
38.3452,-0.4815,19.0,2023-05-10,51,Light drizzle,23.0,19.6,21.0,22.8,18.3,19.7,2023-05-10T06:55,2023-05-10T21:01,50734.99,44888.53,,,0.1,0.1,0.0,0.0,1.0,,,,28.4,52.9,87,24.56,5.22
38.3452,-0.4815,19.0,2023-05-11,51,Light drizzle,21.6,18.3,20.0,20.4,17.9,19.2,2023-05-11T06:54,2023-05-11T21:02,50849.64,46164.23,,,0.7,0.7,0.0,0.0,6.0,,,,23.1,42.5,83,22.48,4.4
38.3452,-0.4815,19.0,2023-05-12,53,Moderate drizzle,20.5,17.3,18.5,18.8,15.8,17.1,2023-05-12T06:53,2023-05-12T21:03,50962.37,35282.18,,,1.4,1.4,0.0,0.0,6.0,,,,21.4,38.2,75,19.24,3.97
38.3452,-0.4815,19.0,2023-05-13,51,Light drizzle,19.8,13.2,17.2,18.2,11.2,15.6,2023-05-13T06:52,2023-05-13T21:04,51073.03,46609.05,,,0.5,0.5,0.0,0.0,3.0,,,,18.1,31.7,40,22.18,4.2
38.3452,-0.4815,19.0,2023-05-14,51,Light drizzle,22.0,11.4,17.8,21.2,8.7,16.2,2023-05-14T06:51,2023-05-14T21:04,51181.51,49008.02,,,0.1,0.1,0.0,0.0,1.0,,,,17.3,40.0,57,24.89,4.83
38.3452,-0.4815,19.0,2023-05-15,3,Overcast,22.2,14.5,18.9,20.5,10.6,16.7,2023-05-15T06:50,2023-05-15T21:05,51287.65,46941.44,,,0.0,0.0,0.0,0.0,0.0,,,,23.5,41.0,10,26.04,5.59
38.3452,-0.4815,19.0,2023-05-16,3,Overcast,22.8,15.7,19.3,20.3,11.6,16.8,2023-05-16T06:49,2023-05-16T21:06,51391.35,46784.33,,,0.0,0.0,0.0,0.0,0.0,,,,31.1,52.2,67,27.57,5.94
38.3452,-0.4815,19.0,2023-05-17,3,Overcast,21.2,15.3,18.8,17.8,12.8,15.5,2023-05-17T06:49,2023-05-17T21:07,51492.44,36546.33,,,0.0,0.0,0.0,0.0,0.0,,,,40.4,64.4,72,24.08,5.36
38.3452,-0.4815,19.0,2023-05-18,51,Light drizzle,20.6,16.1,18.6,19.8,14.9,17.2,2023-05-18T06:48,2023-05-18T21:08,51590.91,45592.07,,,0.5,0.5,0.0,0.0,4.0,,,,22.7,43.6,76,22.82,4.52
38.3452,-0.4815,19.0,2023-05-19,51,Light drizzle,20.1,14.6,17.4,18.9,13.1,16.1,2023-05-19T06:47,2023-05-19T21:09,51687.55,48571.49,,,0.8,0.8,0.0,0.0,3.0,,,,22.3,41.4,17,22.18,4.1
38.3452,-0.4815,19.0,2023-05-20,51,Light drizzle,20.9,12.5,17.3,20.0,9.8,15.8,2023-05-20T06:46,2023-05-20T21:10,51782.46,46896.98,,,0.4,0.4,0.0,0.0,2.0,,,,16.7,32.4,181,24.36,4.54
38.3452,-0.4815,19.0,2023-05-21,3,Overcast,21.3,14.1,18.2,20.6,12.9,17.1,2023-05-21T06:46,2023-05-21T21:10,51875.57,46531.85,,,0.0,0.0,0.0,0.0,0.0,,,,19.4,35.6,67,25.81,4.81
38.3452,-0.4815,19.0,2023-05-22,53,Moderate drizzle,22.6,14.9,19.4,19.8,12.5,17.0,2023-05-22T06:45,2023-05-22T21:11,51966.77,41219.85,,,1.3,1.3,0.0,0.0,6.0,,,,39.2,62.6,61,23.87,4.97
38.3452,-0.4815,19.0,2023-05-23,65,Heavy rain,18.9,17.0,17.8,20.0,14.4,16.8,2023-05-23T06:44,2023-05-23T21:12,52055.97,9985.48,,,34.0,34.0,0.0,0.0,21.0,,,,31.1,50.0,69,11.02,2.29
38.3452,-0.4815,19.0,2023-05-24,63,Moderate rain,20.2,14.9,17.6,21.0,13.5,18.2,2023-05-24T06:44,2023-05-24T21:13,52143.06,27991.78,,,15.0,15.0,0.0,0.0,17.0,,,,16.2,34.2,167,16.94,2.78
38.3452,-0.4815,19.0,2023-05-25,61,Slight rain,21.9,14.5,18.6,23.3,13.9,19.0,2023-05-25T06:43,2023-05-25T21:14,52227.97,32937.4,,,2.1,2.1,0.0,0.0,4.0,,,,17.7,27.4,66,19.48,3.48
38.3452,-0.4815,19.0,2023-05-26,51,Light drizzle,20.9,17.1,19.2,20.6,17.0,18.7,2023-05-26T06:43,2023-05-26T21:14,52310.58,47579.87,,,1.1,1.1,0.0,0.0,6.0,,,,29.0,46.1,72,25.42,3.84
38.3452,-0.4815,19.0,2023-05-27,53,Moderate drizzle,24.1,18.5,20.9,20.8,16.1,18.2,2023-05-27T06:42,2023-05-27T21:15,52390.78,35469.1,,,1.7,1.7,0.0,0.0,4.0,,,,40.3,61.6,56,20.7,5.26
38.3452,-0.4815,19.0,2023-05-28,63,Moderate rain,20.7,17.0,18.7,23.0,17.2,19.4,2023-05-28T06:41,2023-05-28T21:16,52468.5,28612.48,,,15.2,15.2,0.0,0.0,14.0,,,,18.6,30.6,43,17.37,3.02
38.3452,-0.4815,19.0,2023-05-29,3,Overcast,22.3,16.7,19.5,23.6,16.4,20.4,2023-05-29T06:41,2023-05-29T21:17,52543.61,43939.55,,,0.0,0.0,0.0,0.0,0.0,,,,17.3,28.4,180,23.77,4.14
38.3452,-0.4815,19.0,2023-05-30,63,Moderate rain,21.2,17.5,19.4,22.7,17.3,20.4,2023-05-30T06:41,2023-05-30T21:18,52616.03,39188.45,,,4.4,4.4,0.0,0.0,8.0,,,,16.9,28.4,202,19.97,3.42
38.3452,-0.4815,19.0,2023-05-31,3,Overcast,23.2,16.0,20.1,25.4,15.4,21.1,2023-05-31T06:40,2023-05-31T21:18,52685.64,48737.56,,,0.0,0.0,0.0,0.0,0.0,,,,11.7,23.0,103,24.63,4.42
38.3452,-0.4815,19.0,2023-06-01,3,Overcast,23.0,17.1,20.1,24.3,17.1,21.0,2023-06-01T06:40,2023-06-01T21:19,52752.34,48251.3,,,0.0,0.0,0.0,0.0,0.0,,,,19.5,33.8,75,24.73,4.18
38.3452,-0.4815,19.0,2023-06-02,61,Slight rain,23.8,16.9,20.1,23.6,17.5,20.7,2023-06-02T06:39,2023-06-02T21:20,52816.03,29544.35,,,3.6,3.6,0.0,0.0,5.0,,,,24.1,40.0,68,20.7,3.71
38.3452,-0.4815,19.0,2023-06-03,61,Slight rain,21.7,18.1,19.8,22.1,18.0,20.6,2023-06-03T06:39,2023-06-03T21:20,52876.62,28376.52,,,5.3,5.3,0.0,0.0,10.0,,,,20.6,33.8,74,16.92,2.95
38.3452,-0.4815,19.0,2023-06-04,51,Light drizzle,23.7,16.6,20.7,24.9,16.2,21.7,2023-06-04T06:39,2023-06-04T21:21,52933.98,48586.93,,,0.3,0.3,0.0,0.0,2.0,,,,20.6,38.2,78,26.09,4.57
38.3452,-0.4815,19.0,2023-06-05,3,Overcast,23.6,17.6,21.0,25.3,18.5,22.1,2023-06-05T06:38,2023-06-05T21:22,52988.02,48709.83,,,0.0,0.0,0.0,0.0,0.0,,,,15.0,30.2,133,24.25,4.39
38.3452,-0.4815,19.0,2023-06-06,3,Overcast,24.6,18.1,21.6,25.3,18.8,22.5,2023-06-06T06:38,2023-06-06T21:22,53038.64,50400.0,,,0.0,0.0,0.0,0.0,0.0,,,,17.6,34.2,104,27.81,5.16
38.3452,-0.4815,19.0,2023-06-07,63,Moderate rain,23.1,20.7,21.4,22.6,20.3,21.7,2023-06-07T06:38,2023-06-07T21:23,53085.78,3076.92,,,6.9,6.9,0.0,0.0,9.0,,,,16.5,28.8,69,7.74,2.33
38.3452,-0.4815,19.0,2023-06-08,3,Overcast,24.7,19.3,22.2,25.9,21.4,23.6,2023-06-08T06:38,2023-06-08T21:23,53129.85,42099.51,,,0.0,0.0,0.0,0.0,0.0,,,,21.1,39.2,83,22.68,4.24
38.3452,-0.4815,19.0,2023-06-09,51,Light drizzle,26.7,20.1,23.5,28.5,20.5,24.9,2023-06-09T06:38,2023-06-09T21:24,53170.9,45700.7,,,0.4,0.4,0.0,0.0,3.0,,,,21.4,38.2,203,25.18,4.99
38.3452,-0.4815,19.0,2023-06-10,3,Overcast,29.0,22.3,25.5,29.0,20.9,25.9,2023-06-10T06:37,2023-06-10T21:24,53208.91,46577.41,,,0.0,0.0,0.0,0.0,0.0,,,,20.8,37.4,124,26.38,6.23
38.3452,-0.4815,19.0,2023-06-11,3,Overcast,26.6,22.7,24.4,28.6,23.8,25.9,2023-06-11T06:37,2023-06-11T21:25,53243.85,37705.96,,,0.0,0.0,0.0,0.0,0.0,,,,21.6,38.5,159,24.17,4.77
38.3452,-0.4815,19.0,2023-06-12,3,Overcast,25.7,21.3,23.5,27.7,22.8,25.1,2023-06-12T06:37,2023-06-12T21:25,53275.69,46119.66,,,0.0,0.0,0.0,0.0,0.0,,,,18.0,35.6,105,25.08,4.84
38.3452,-0.4815,19.0,2023-06-13,63,Moderate rain,29.2,20.0,23.9,30.4,21.0,25.5,2023-06-13T06:37,2023-06-13T21:26,53304.41,43118.57,,,12.7,12.7,0.0,0.0,4.0,,,,20.4,37.1,200,22.69,4.78
38.3452,-0.4815,19.0,2023-06-14,3,Overcast,26.2,19.7,23.3,27.7,18.8,24.1,2023-06-14T06:37,2023-06-14T21:26,53329.97,48790.19,,,0.0,0.0,0.0,0.0,0.0,,,,18.0,30.6,34,27.81,5.73
38.3452,-0.4815,19.0,2023-06-15,3,Overcast,27.1,20.4,24.0,28.7,21.4,25.4,2023-06-15T06:37,2023-06-15T21:27,53352.35,50400.0,,,0.0,0.0,0.0,0.0,0.0,,,,17.5,34.2,188,27.52,5.46
38.3452,-0.4815,19.0,2023-06-16,3,Overcast,28.0,20.9,24.9,29.5,21.7,26.0,2023-06-16T06:37,2023-06-16T21:27,53371.55,50400.0,,,0.0,0.0,0.0,0.0,0.0,,,,15.8,31.7,130,28.25,5.92
38.3452,-0.4815,19.0,2023-06-17,3,Overcast,29.3,22.0,25.9,29.4,22.0,26.1,2023-06-17T06:37,2023-06-17T21:27,53387.51,48898.67,,,0.0,0.0,0.0,0.0,0.0,,,,16.6,33.1,126,28.32,6.57
38.3452,-0.4815,19.0,2023-06-18,53,Moderate drizzle,27.8,23.4,25.6,27.9,22.8,24.7,2023-06-18T06:38,2023-06-18T21:28,53400.23,25141.88,,,0.5,0.5,0.0,0.0,1.0,,,,29.4,49.7,67,17.97,5.45
38.3452,-0.4815,19.0,2023-06-19,3,Overcast,30.3,21.5,26.0,29.6,21.0,25.7,2023-06-19T06:38,2023-06-19T21:28,53409.68,46049.39,,,0.0,0.0,0.0,0.0,0.0,,,,23.1,41.4,197,25.2,6.58
38.3452,-0.4815,19.0,2023-06-20,3,Overcast,27.1,21.7,24.6,29.4,21.6,26.2,2023-06-20T06:38,2023-06-20T21:28,53415.85,49200.88,,,0.0,0.0,0.0,0.0,0.0,,,,17.7,33.1,154,27.28,5.57
38.3452,-0.4815,19.0,2023-06-21,3,Overcast,27.2,21.8,24.4,30.5,24.7,27.1,2023-06-21T06:38,2023-06-21T21:28,53418.73,42574.05,,,0.0,0.0,0.0,0.0,0.0,,,,18.2,34.9,170,26.63,5.14
38.3452,-0.4815,19.0,2023-06-22,2,Partly cloudy,32.7,23.2,27.1,33.3,23.8,28.5,2023-06-22T06:38,2023-06-22T21:29,53418.3,50400.0,,,0.0,0.0,0.0,0.0,0.0,,,,20.9,47.5,195,27.45,6.62
38.3452,-0.4815,19.0,2023-06-23,0,Clear sky,28.1,23.5,26.2,29.7,25.8,27.6,2023-06-23T06:39,2023-06-23T21:29,53414.53,50400.0,,,0.0,0.0,0.0,0.0,0.0,,,,29.3,50.4,81,28.31,6.05
38.3452,-0.4815,19.0,2023-06-24,0,Clear sky,29.4,22.2,26.2,30.7,21.7,27.1,2023-06-24T06:39,2023-06-24T21:29,53407.44,50400.0,,,0.0,0.0,0.0,0.0,0.0,,,,17.8,34.9,121,28.69,6.38
38.3452,-0.4815,19.0,2023-06-25,0,Clear sky,30.0,22.4,26.5,30.7,22.8,27.2,2023-06-25T06:39,2023-06-25T21:29,53396.98,50400.0,,,0.0,0.0,0.0,0.0,0.0,,,,19.3,37.1,194,28.5,6.75
38.3452,-0.4815,19.0,2023-06-26,3,Overcast,29.9,23.0,26.8,31.3,24.8,28.5,2023-06-26T06:39,2023-06-26T21:29,53383.18,48766.05,,,0.0,0.0,0.0,0.0,0.0,,,,20.1,37.1,183,27.73,6.29
38.3452,-0.4815,19.0,2023-06-27,3,Overcast,31.0,23.8,27.2,31.3,27.8,29.2,2023-06-27T06:40,2023-06-27T21:29,53365.98,50400.0,,,0.0,0.0,0.0,0.0,0.0,,,,17.6,34.2,131,28.16,6.36
38.3452,-0.4815,19.0,2023-06-28,3,Overcast,29.5,24.6,27.0,31.7,26.6,29.4,2023-06-28T06:40,2023-06-28T21:29,53345.2,47533.96,,,0.0,0.0,0.0,0.0,0.0,,,,20.9,38.9,81,28.0,6.04
38.3452,-0.4815,19.0,2023-06-29,3,Overcast,28.6,24.6,26.5,32.5,25.9,29.3,2023-06-29T06:41,2023-06-29T21:29,53320.85,50400.0,,,0.0,0.0,0.0,0.0,0.0,,,,18.0,35.6,99,27.34,5.61
38.3452,-0.4815,19.0,2023-06-30,3,Overcast,28.3,24.1,25.9,29.1,24.3,26.1,2023-06-30T06:41,2023-06-30T21:29,53293.0,50176.42,,,0.0,0.0,0.0,0.0,0.0,,,,38.5,60.8,82,24.58,5.95
38.3452,-0.4815,19.0,2023-07-01,3,Overcast,28.0,23.3,25.7,30.5,24.5,27.6,2023-07-01T06:41,2023-07-01T21:29,53261.73,50400.0,,,0.0,0.0,0.0,0.0,0.0,,,,18.8,35.6,94,26.49,5.54
38.3452,-0.4815,19.0,2023-07-02,3,Overcast,28.3,23.1,26.0,31.9,25.0,28.6,2023-07-02T06:42,2023-07-02T21:29,53227.1,50400.0,,,0.0,0.0,0.0,0.0,0.0,,,,17.1,33.8,147,27.4,5.54
38.3452,-0.4815,19.0,2023-07-03,2,Partly cloudy,29.1,23.9,26.7,31.0,25.1,28.6,2023-07-03T06:42,2023-07-03T21:29,53189.19,50400.0,,,0.0,0.0,0.0,0.0,0.0,,,,18.1,35.6,158,27.11,5.87
38.3452,-0.4815,19.0,2023-07-04,1,Mainly clear,30.3,23.6,26.7,32.4,25.8,29.6,2023-07-04T06:43,2023-07-04T21:29,53148.07,50400.0,,,0.0,0.0,0.0,0.0,0.0,,,,24.7,43.2,166,26.95,5.68
38.3452,-0.4815,19.0,2023-07-05,2,Partly cloudy,28.5,24.3,26.3,31.3,28.0,29.4,2023-07-05T06:43,2023-07-05T21:28,53103.81,49040.49,,,0.0,0.0,0.0,0.0,0.0,,,,20.2,38.5,79,26.76,5.43
38.3452,-0.4815,19.0,2023-07-06,2,Partly cloudy,28.7,24.1,26.5,31.7,27.9,29.3,2023-07-06T06:44,2023-07-06T21:28,53056.51,50400.0,,,0.0,0.0,0.0,0.0,0.0,,,,19.8,36.4,81,26.24,5.59
38.3452,-0.4815,19.0,2023-07-07,3,Overcast,31.2,23.6,27.3,32.6,26.2,29.6,2023-07-07T06:45,2023-07-07T21:28,53006.22,50400.0,,,0.0,0.0,0.0,0.0,0.0,,,,31.1,52.9,99,27.32,6.18
38.3452,-0.4815,19.0,2023-07-08,1,Mainly clear,29.9,24.3,27.3,33.4,26.9,30.2,2023-07-08T06:45,2023-07-08T21:28,52953.03,50400.0,,,0.0,0.0,0.0,0.0,0.0,,,,22.5,35.6,179,27.75,6.0
38.3452,-0.4815,19.0,2023-07-09,3,Overcast,30.0,24.5,27.3,33.8,28.8,31.2,2023-07-09T06:46,2023-07-09T21:27,52897.01,48045.36,,,0.0,0.0,0.0,0.0,0.0,,,,14.4,36.0,135,25.53,5.32
38.3452,-0.4815,19.0,2023-07-10,3,Overcast,31.9,24.3,28.0,35.2,28.2,31.5,2023-07-10T06:47,2023-07-10T21:27,52838.24,50400.0,,,0.0,0.0,0.0,0.0,0.0,,,,21.6,38.2,90,27.72,6.09
38.3452,-0.4815,19.0,2023-07-11,3,Overcast,32.3,25.6,28.8,37.3,29.5,33.0,2023-07-11T06:47,2023-07-11T21:27,52776.81,45541.14,,,0.0,0.0,0.0,0.0,0.0,,,,18.1,33.1,133,26.94,6.01
38.3452,-0.4815,19.0,2023-07-12,2,Partly cloudy,31.4,26.4,28.8,37.9,30.0,33.3,2023-07-12T06:48,2023-07-12T21:26,52712.77,50400.0,,,0.0,0.0,0.0,0.0,0.0,,,,18.8,33.8,120,26.75,5.65
38.3452,-0.4815,19.0,2023-07-13,2,Partly cloudy,30.4,24.9,27.7,33.4,29.6,31.2,2023-07-13T06:49,2023-07-13T21:26,52646.22,49821.72,,,0.0,0.0,0.0,0.0,0.0,,,,34.2,59.0,90,26.71,5.72
38.3452,-0.4815,19.0,2023-07-14,3,Overcast,29.7,24.6,27.3,33.1,28.0,30.5,2023-07-14T06:49,2023-07-14T21:25,52577.23,50400.0,,,0.0,0.0,0.0,0.0,0.0,,,,16.1,33.8,117,27.35,5.83
38.3452,-0.4815,19.0,2023-07-15,0,Clear sky,31.3,24.4,27.8,35.3,28.3,31.6,2023-07-15T06:50,2023-07-15T21:25,52505.88,50400.0,,,0.0,0.0,0.0,0.0,0.0,,,,22.0,40.3,182,27.25,5.85
38.3452,-0.4815,19.0,2023-07-16,3,Overcast,30.6,24.7,27.7,34.1,28.0,31.3,2023-07-16T06:51,2023-07-16T21:24,52432.24,49807.87,,,0.0,0.0,0.0,0.0,0.0,,,,28.6,48.6,89,25.5,5.5
38.3452,-0.4815,19.0,2023-07-17,0,Clear sky,30.7,24.2,27.8,34.0,28.3,31.4,2023-07-17T06:51,2023-07-17T21:24,52356.31,50400.0,,,0.0,0.0,0.0,0.0,0.0,,,,28.1,48.6,72,27.65,5.84
38.3452,-0.4815,19.0,2023-07-18,3,Overcast,31.8,25.8,29.0,36.5,24.9,32.6,2023-07-18T06:52,2023-07-18T21:23,52277.4,50400.0,,,0.0,0.0,0.0,0.0,0.0,,,,16.6,33.5,120,27.98,6.26
38.3452,-0.4815,19.0,2023-07-19,3,Overcast,37.0,26.3,29.5,36.7,29.1,33.6,2023-07-19T06:53,2023-07-19T21:23,52195.47,50400.0,,,0.0,0.0,0.0,0.0,0.0,,,,25.1,49.0,146,26.01,5.94
38.3452,-0.4815,19.0,2023-07-20,3,Overcast,32.6,26.2,28.7,37.6,31.8,33.9,2023-07-20T06:54,2023-07-20T21:22,52110.64,46037.0,,,0.0,0.0,0.0,0.0,0.0,,,,23.2,43.9,137,20.28,4.5
38.3452,-0.4815,19.0,2023-07-21,3,Overcast,31.0,25.6,28.5,34.9,23.4,31.5,2023-07-21T06:54,2023-07-21T21:21,52023.05,42512.06,,,0.0,0.0,0.0,0.0,0.0,,,,21.6,45.0,122,23.37,5.6
38.3452,-0.4815,19.0,2023-07-22,51,Light drizzle,30.6,25.2,28.2,35.6,29.1,31.9,2023-07-22T06:55,2023-07-22T21:21,51932.81,49476.64,,,0.4,0.4,0.0,0.0,1.0,,,,20.8,42.1,76,22.87,5.19
38.3452,-0.4815,19.0,2023-07-23,3,Overcast,30.9,26.3,28.5,35.6,30.6,33.1,2023-07-23T06:56,2023-07-23T21:20,51840.06,49083.23,,,0.0,0.0,0.0,0.0,0.0,,,,18.9,36.7,83,22.94,4.97
38.3452,-0.4815,19.0,2023-07-24,3,Overcast,36.3,26.2,29.7,37.5,29.9,33.7,2023-07-24T06:57,2023-07-24T21:19,51744.94,45007.92,,,0.0,0.0,0.0,0.0,0.0,,,,24.1,50.4,192,20.32,5.07
38.3452,-0.4815,19.0,2023-07-25,53,Moderate drizzle,31.8,25.1,29.3,34.7,26.5,31.0,2023-07-25T06:58,2023-07-25T21:18,51647.56,50159.22,,,1.0,1.0,0.0,0.0,2.0,,,,21.8,40.7,85,25.42,6.53
38.3452,-0.4815,19.0,2023-07-26,1,Mainly clear,30.1,26.2,28.0,30.8,27.9,29.3,2023-07-26T06:58,2023-07-26T21:17,51548.03,48589.78,,,0.0,0.0,0.0,0.0,0.0,,,,35.5,55.4,74,25.29,6.43
38.3452,-0.4815,19.0,2023-07-27,51,Light drizzle,30.1,25.7,28.0,33.4,28.1,30.8,2023-07-27T06:59,2023-07-27T21:17,51446.49,48291.72,,,0.1,0.1,0.0,0.0,1.0,,,,18.8,35.3,80,24.22,5.69
38.3452,-0.4815,19.0,2023-07-28,2,Partly cloudy,30.5,24.5,27.7,34.3,28.7,31.5,2023-07-28T07:00,2023-07-28T21:16,51343.05,49573.42,,,0.0,0.0,0.0,0.0,0.0,,,,16.4,32.8,143,26.25,5.62
38.3452,-0.4815,19.0,2023-07-29,1,Mainly clear,30.7,24.6,27.8,33.9,28.2,31.4,2023-07-29T07:01,2023-07-29T21:15,51237.83,49275.0,,,0.0,0.0,0.0,0.0,0.0,,,,19.4,37.1,178,26.43,5.7
38.3452,-0.4815,19.0,2023-07-30,0,Clear sky,31.0,24.6,28.1,35.1,29.0,32.1,2023-07-30T07:02,2023-07-30T21:14,51130.95,49292.41,,,0.0,0.0,0.0,0.0,0.0,,,,18.9,35.6,154,26.12,5.58
38.3452,-0.4815,19.0,2023-07-31,51,Light drizzle,30.9,26.8,28.4,34.8,31.0,32.7,2023-07-31T07:03,2023-07-31T21:13,51022.51,46800.0,,,0.5,0.5,0.0,0.0,3.0,,,,18.5,34.9,161,23.64,5.09
38.3452,-0.4815,19.0,2023-08-01,0,Clear sky,31.3,24.7,28.2,36.2,28.9,32.6,2023-08-01T07:04,2023-08-01T21:12,50912.63,49014.19,,,0.0,0.0,0.0,0.0,0.0,,,,17.4,33.8,150,26.54,5.59
38.3452,-0.4815,19.0,2023-08-02,0,Clear sky,32.1,25.4,29.1,36.4,27.6,33.0,2023-08-02T07:04,2023-08-02T21:11,50801.42,49032.4,,,0.0,0.0,0.0,0.0,0.0,,,,21.6,39.2,168,26.75,5.93
38.3452,-0.4815,19.0,2023-08-03,1,Mainly clear,31.8,28.0,29.8,34.0,27.2,30.7,2023-08-03T07:05,2023-08-03T21:10,50688.99,49050.61,,,0.0,0.0,0.0,0.0,0.0,,,,34.6,60.5,81,24.75,7.23
38.3452,-0.4815,19.0,2023-08-04,2,Partly cloudy,30.0,24.9,27.4,29.5,22.9,25.8,2023-08-04T07:06,2023-08-04T21:09,50575.44,47200.78,,,0.0,0.0,0.0,0.0,0.0,,,,46.4,71.6,74,25.46,7.91
38.3452,-0.4815,19.0,2023-08-05,3,Overcast,29.7,22.3,26.3,31.3,21.1,26.1,2023-08-05T07:07,2023-08-05T21:08,50460.87,48154.86,,,0.0,0.0,0.0,0.0,0.0,,,,27.0,46.4,178,26.16,6.78
38.3452,-0.4815,19.0,2023-08-06,0,Clear sky,29.9,23.3,27.1,32.4,23.3,28.2,2023-08-06T07:08,2023-08-06T21:07,50345.28,48484.99,,,0.0,0.0,0.0,0.0,0.0,,,,21.4,39.2,88,26.35,6.16
38.3452,-0.4815,19.0,2023-08-07,3,Overcast,29.5,24.5,27.1,31.9,25.9,28.9,2023-08-07T07:09,2023-08-07T21:06,50227.74,48195.01,,,0.0,0.0,0.0,0.0,0.0,,,,22.7,40.3,83,25.46,6.05
38.3452,-0.4815,19.0,2023-08-08,1,Mainly clear,29.0,24.1,26.9,31.6,26.1,28.9,2023-08-08T07:10,2023-08-08T21:05,50108.18,47906.35,,,0.0,0.0,0.0,0.0,0.0,,,,20.6,38.9,80,25.11,5.73
38.3452,-0.4815,19.0,2023-08-09,1,Mainly clear,29.4,24.0,26.9,32.4,26.9,29.9,2023-08-09T07:11,2023-08-09T21:03,49986.71,47873.36,,,0.0,0.0,0.0,0.0,0.0,,,,14.8,31.0,106,25.1,5.31
38.3452,-0.4815,19.0,2023-08-10,2,Partly cloudy,34.6,23.4,28.9,37.9,26.7,32.4,2023-08-10T07:11,2023-08-10T21:02,49863.45,47516.43,,,0.0,0.0,0.0,0.0,0.0,,,,22.0,40.0,189,24.15,5.85
38.3452,-0.4815,19.0,2023-08-11,0,Clear sky,30.8,25.7,27.8,32.9,30.7,31.5,2023-08-11T07:12,2023-08-11T21:01,49738.54,47466.46,,,0.0,0.0,0.0,0.0,0.0,,,,26.3,45.7,87,25.37,5.45
38.3452,-0.4815,19.0,2023-08-12,2,Partly cloudy,29.3,24.5,27.2,33.0,28.9,30.9,2023-08-12T07:13,2023-08-12T21:00,49612.1,47000.5,,,0.0,0.0,0.0,0.0,0.0,,,,16.8,32.8,102,24.79,5.15
38.3452,-0.4815,19.0,2023-08-13,1,Mainly clear,29.1,24.9,27.0,32.3,28.2,30.4,2023-08-13T07:14,2023-08-13T20:59,49484.25,46746.5,,,0.0,0.0,0.0,0.0,0.0,,,,21.0,38.2,88,24.96,5.16
38.3452,-0.4815,19.0,2023-08-14,2,Partly cloudy,29.2,24.6,27.2,33.3,24.1,30.0,2023-08-14T07:15,2023-08-14T20:57,49355.11,45885.67,,,0.0,0.0,0.0,0.0,0.0,,,,17.3,33.8,98,25.03,5.28
38.3452,-0.4815,19.0,2023-08-15,3,Overcast,30.0,24.3,27.3,33.4,27.2,31.0,2023-08-15T07:16,2023-08-15T20:56,49224.8,45939.4,,,0.0,0.0,0.0,0.0,0.0,,,,20.5,37.8,78,24.88,5.18
38.3452,-0.4815,19.0,2023-08-16,3,Overcast,30.9,24.8,27.9,35.1,27.2,31.5,2023-08-16T07:17,2023-08-16T20:55,49093.41,40832.17,,,0.0,0.0,0.0,0.0,0.0,,,,17.5,34.6,88,22.94,4.99
38.3452,-0.4815,19.0,2023-08-17,1,Mainly clear,29.6,24.8,27.4,33.5,29.0,31.4,2023-08-17T07:18,2023-08-17T20:53,48961.08,45747.92,,,0.0,0.0,0.0,0.0,0.0,,,,19.2,36.4,172,24.44,4.97
38.3452,-0.4815,19.0,2023-08-18,3,Overcast,29.9,24.8,27.4,34.7,30.2,31.9,2023-08-18T07:19,2023-08-18T20:52,48827.9,45805.02,,,0.0,0.0,0.0,0.0,0.0,,,,16.9,33.5,125,24.54,5.0
38.3452,-0.4815,19.0,2023-08-19,3,Overcast,30.7,25.2,27.9,36.2,29.5,32.3,2023-08-19T07:19,2023-08-19T20:51,48693.99,44823.16,,,0.0,0.0,0.0,0.0,0.0,,,,15.9,32.4,91,23.91,5.01
38.3452,-0.4815,19.0,2023-08-20,1,Mainly clear,30.2,25.7,27.8,34.5,30.5,32.3,2023-08-20T07:20,2023-08-20T20:49,48559.44,44256.21,,,0.0,0.0,0.0,0.0,0.0,,,,17.0,33.5,94,23.09,4.78
38.3452,-0.4815,19.0,2023-08-21,1,Mainly clear,30.6,25.1,27.9,35.2,30.7,32.9,2023-08-21T07:21,2023-08-21T20:48,48424.37,44775.81,,,0.0,0.0,0.0,0.0,0.0,,,,15.0,30.6,90,24.35,5.04
38.3452,-0.4815,19.0,2023-08-22,0,Clear sky,31.4,24.6,28.1,35.1,27.1,32.2,2023-08-22T07:22,2023-08-22T20:47,48288.87,44330.3,,,0.0,0.0,0.0,0.0,0.0,,,,17.3,33.5,79,24.18,5.25
38.3452,-0.4815,19.0,2023-08-23,1,Mainly clear,32.6,24.7,28.9,35.2,25.4,32.0,2023-08-23T07:23,2023-08-23T20:45,48153.05,44367.83,,,0.0,0.0,0.0,0.0,0.0,,,,16.5,32.4,74,24.57,5.83
38.3452,-0.4815,19.0,2023-08-24,0,Clear sky,33.1,25.0,29.3,34.9,24.2,31.0,2023-08-24T07:24,2023-08-24T20:44,48016.98,44106.36,,,0.0,0.0,0.0,0.0,0.0,,,,16.8,32.8,147,24.44,6.04
38.3452,-0.4815,19.0,2023-08-25,3,Overcast,32.1,24.4,28.5,36.2,23.5,30.9,2023-08-25T07:25,2023-08-25T20:43,47880.79,40819.49,,,0.0,0.0,0.0,0.0,0.0,,,,20.1,36.4,187,23.05,5.63
38.3452,-0.4815,19.0,2023-08-26,3,Overcast,30.8,25.8,28.3,36.4,30.6,32.9,2023-08-26T07:26,2023-08-26T20:41,47744.43,35766.36,,,0.0,0.0,0.0,0.0,0.0,,,,15.6,32.0,148,20.68,4.58
38.3452,-0.4815,19.0,2023-08-27,65,Heavy rain,29.8,22.6,26.3,32.9,23.5,27.7,2023-08-27T07:26,2023-08-27T20:40,47606.96,36427.43,,,18.7,18.7,0.0,0.0,9.0,,,,32.3,51.5,339,20.72,5.12
38.3452,-0.4815,19.0,2023-08-28,3,Overcast,28.8,18.9,23.6,28.1,17.0,22.9,2023-08-28T07:27,2023-08-28T20:38,47468.24,43371.01,,,0.0,0.0,0.0,0.0,0.0,,,,24.4,40.7,260,24.03,5.92
38.3452,-0.4815,19.0,2023-08-29,3,Overcast,29.0,19.2,24.2,30.3,18.3,24.4,2023-08-29T07:28,2023-08-29T20:37,47328.39,43200.0,,,0.0,0.0,0.0,0.0,0.0,,,,24.9,41.4,48,23.34,5.58
38.3452,-0.4815,19.0,2023-08-30,53,Moderate drizzle,27.9,22.1,24.6,29.7,22.4,25.9,2023-08-30T07:29,2023-08-30T20:35,47187.5,39600.0,,,1.3,1.3,0.0,0.0,2.0,,,,15.0,28.8,26,17.63,4.07
38.3452,-0.4815,19.0,2023-08-31,1,Mainly clear,28.2,20.3,24.5,30.4,19.7,25.7,2023-08-31T07:30,2023-08-31T20:34,47045.69,43202.85,,,0.0,0.0,0.0,0.0,0.0,,,,13.9,28.1,43,23.14,5.13
38.3452,-0.4815,19.0,2023-09-01,3,Overcast,28.0,21.0,24.7,30.4,20.9,26.3,2023-09-01T07:31,2023-09-01T20:32,46903.04,40908.92,,,0.0,0.0,0.0,0.0,0.0,,,,18.1,34.2,63,20.83,4.67
38.3452,-0.4815,19.0,2023-09-02,55,Dense drizzle,26.5,22.4,24.4,28.3,21.9,25.4,2023-09-02T07:32,2023-09-02T20:31,46759.66,17710.75,,,2.5,2.5,0.0,0.0,7.0,,,,19.5,34.9,94,14.07,3.74
38.3452,-0.4815,19.0,2023-09-03,63,Moderate rain,29.0,21.6,25.4,27.2,20.9,24.4,2023-09-03T07:33,2023-09-03T20:29,46615.65,21555.41,,,22.1,22.1,0.0,0.0,11.0,,,,54.1,79.6,55,13.06,4.26
38.3452,-0.4815,19.0,2023-09-04,51,Light drizzle,28.4,23.6,26.2,34.0,26.3,30.0,2023-09-04T07:33,2023-09-04T20:28,46471.1,43200.0,,,0.3,0.3,0.0,0.0,2.0,,,,35.3,52.9,52,20.51,4.24
38.3452,-0.4815,19.0,2023-09-05,3,Overcast,28.8,22.2,25.3,32.8,24.7,28.8,2023-09-05T07:34,2023-09-05T20:26,46326.1,43200.0,,,0.0,0.0,0.0,0.0,0.0,,,,20.8,30.6,64,21.23,4.29
38.3452,-0.4815,19.0,2023-09-06,3,Overcast,27.2,23.8,25.3,29.2,26.2,27.2,2023-09-06T07:35,2023-09-06T20:25,46180.76,41149.15,,,0.0,0.0,0.0,0.0,0.0,,,,31.0,48.2,72,20.17,4.22
38.3452,-0.4815,19.0,2023-09-07,51,Light drizzle,26.9,20.6,24.2,30.5,21.1,26.7,2023-09-07T07:36,2023-09-07T20:23,46035.15,43200.0,,,0.2,0.2,0.0,0.0,2.0,,,,15.1,28.4,35,21.0,4.17
38.3452,-0.4815,19.0,2023-09-08,3,Overcast,26.8,21.9,24.1,29.0,24.0,26.4,2023-09-08T07:37,2023-09-08T20:21,45889.37,43200.0,,,0.0,0.0,0.0,0.0,0.0,,,,14.9,29.5,50,19.71,3.97
38.3452,-0.4815,19.0,2023-09-09,2,Partly cloudy,27.1,21.6,24.3,29.4,22.4,26.0,2023-09-09T07:38,2023-09-09T20:20,45743.51,43200.0,,,0.0,0.0,0.0,0.0,0.0,,,,20.1,34.9,56,20.87,4.4
38.3452,-0.4815,19.0,2023-09-10,3,Overcast,27.8,22.3,24.9,29.3,22.4,26.2,2023-09-10T07:39,2023-09-10T20:18,45597.67,43200.0,,,0.0,0.0,0.0,0.0,0.0,,,,24.8,42.5,58,19.31,4.42
38.3452,-0.4815,19.0,2023-09-11,3,Overcast,30.2,21.1,25.1,31.2,20.1,26.5,2023-09-11T07:39,2023-09-11T20:17,45451.92,41956.19,,,0.0,0.0,0.0,0.0,0.0,,,,24.8,42.1,64,19.4,4.54
38.3452,-0.4815,19.0,2023-09-12,51,Light drizzle,27.7,22.1,25.0,29.8,24.3,27.3,2023-09-12T07:40,2023-09-12T20:15,45306.35,39634.37,,,0.4,0.4,0.0,0.0,1.0,,,,14.4,28.1,190,17.09,3.72
38.3452,-0.4815,19.0,2023-09-13,61,Slight rain,27.0,22.9,24.8,29.7,25.7,27.3,2023-09-13T07:41,2023-09-13T20:14,45161.05,29944.09,,,5.2,5.2,0.0,0.0,13.0,,,,27.1,44.3,74,14.46,3.23
38.3452,-0.4815,19.0,2023-09-14,63,Moderate rain,28.1,21.3,24.7,29.0,23.4,26.1,2023-09-14T07:42,2023-09-14T20:12,45016.11,43200.0,,,5.5,5.5,0.0,0.0,2.0,,,,28.7,44.3,62,19.98,4.38
38.3452,-0.4815,19.0,2023-09-15,63,Moderate rain,27.3,23.1,24.5,30.4,22.6,26.5,2023-09-15T07:43,2023-09-15T20:11,44871.49,26519.25,,,9.2,9.2,0.0,0.0,6.0,,,,31.1,49.0,60,15.23,3.35
38.3452,-0.4815,19.0,2023-09-16,51,Light drizzle,26.1,21.2,23.8,29.7,22.8,26.6,2023-09-16T07:44,2023-09-16T20:09,44726.22,41841.46,,,0.1,0.1,0.0,0.0,1.0,,,,15.2,27.0,26,16.57,3.2
38.3452,-0.4815,19.0,2023-09-17,63,Moderate rain,27.5,21.4,24.6,31.3,22.8,27.3,2023-09-17T07:45,2023-09-17T20:07,44580.15,36000.0,,,2.8,2.8,0.0,0.0,1.0,,,,21.2,34.9,212,18.82,3.8
38.3452,-0.4815,19.0,2023-09-18,61,Slight rain,29.0,21.0,24.3,31.3,22.9,26.7,2023-09-18T07:46,2023-09-18T20:06,44433.39,40852.61,,,1.5,1.5,0.0,0.0,2.0,,,,24.2,36.4,173,19.11,3.92
38.3452,-0.4815,19.0,2023-09-19,61,Slight rain,24.3,19.1,22.5,26.5,20.5,24.8,2023-09-19T07:46,2023-09-19T20:04,44286.03,9259.52,,,3.9,3.9,0.0,0.0,8.0,,,,11.3,24.1,8,7.14,1.68
38.3452,-0.4815,19.0,2023-09-20,61,Slight rain,27.9,17.6,22.2,28.3,18.5,23.4,2023-09-20T07:47,2023-09-20T20:03,44138.15,43113.57,,,2.3,2.3,0.0,0.0,3.0,,,,29.2,43.6,212,19.08,3.83
38.3452,-0.4815,19.0,2023-09-21,3,Overcast,28.5,18.8,23.4,28.4,18.5,23.7,2023-09-21T07:48,2023-09-21T20:01,43989.85,41413.88,,,0.0,0.0,0.0,0.0,0.0,,,,23.7,35.6,243,18.94,4.52
38.3452,-0.4815,19.0,2023-09-22,3,Overcast,27.6,20.4,23.8,25.8,20.0,23.1,2023-09-22T07:49,2023-09-22T20:00,43841.23,39461.09,,,0.0,0.0,0.0,0.0,0.0,,,,21.9,36.7,316,19.15,5.07
38.3452,-0.4815,19.0,2023-09-23,3,Overcast,25.0,16.5,21.1,25.9,14.2,20.8,2023-09-23T07:50,2023-09-23T19:58,43692.37,42825.46,,,0.0,0.0,0.0,0.0,0.0,,,,19.1,35.6,25,18.82,4.17
38.3452,-0.4815,19.0,2023-09-24,2,Partly cloudy,25.1,17.4,21.5,26.4,16.7,21.9,2023-09-24T07:51,2023-09-24T19:56,43543.37,42729.29,,,0.0,0.0,0.0,0.0,0.0,,,,14.0,25.2,16,19.62,3.98
38.3452,-0.4815,19.0,2023-09-25,0,Clear sky,25.2,17.9,21.8,26.7,17.4,22.5,2023-09-25T07:52,2023-09-25T19:55,43394.31,42633.24,,,0.0,0.0,0.0,0.0,0.0,,,,17.7,32.0,33,19.32,3.87
38.3452,-0.4815,19.0,2023-09-26,2,Partly cloudy,26.2,18.6,22.6,27.7,18.4,23.8,2023-09-26T07:53,2023-09-26T19:53,43245.3,42537.4,,,0.0,0.0,0.0,0.0,0.0,,,,13.8,26.6,13,18.67,3.79
38.3452,-0.4815,19.0,2023-09-27,3,Overcast,25.5,20.0,22.7,26.7,21.7,24.3,2023-09-27T07:53,2023-09-27T19:52,43096.4,42000.84,,,0.0,0.0,0.0,0.0,0.0,,,,15.4,30.2,146,18.12,3.61
38.3452,-0.4815,19.0,2023-09-28,3,Overcast,25.8,18.5,22.4,27.1,19.6,23.8,2023-09-28T07:54,2023-09-28T19:50,42947.72,41755.99,,,0.0,0.0,0.0,0.0,0.0,,,,15.8,31.0,207,18.53,3.62
38.3452,-0.4815,19.0,2023-09-29,1,Mainly clear,25.8,19.5,22.8,28.0,21.1,24.8,2023-09-29T07:55,2023-09-29T19:48,42799.35,41510.78,,,0.0,0.0,0.0,0.0,0.0,,,,13.2,27.7,52,18.41,3.48
38.3452,-0.4815,19.0,2023-09-30,0,Clear sky,27.6,20.1,23.6,28.9,21.0,25.3,2023-09-30T07:56,2023-09-30T19:47,42651.38,41517.35,,,0.0,0.0,0.0,0.0,0.0,,,,12.7,25.9,175,18.64,3.78
38.3452,-0.4815,19.0,2023-10-01,0,Clear sky,30.4,19.9,24.8,30.3,18.4,24.9,2023-10-01T07:57,2023-10-01T19:45,42503.91,41217.07,,,0.0,0.0,0.0,0.0,0.0,,,,17.1,31.0,229,18.71,4.71
38.3452,-0.4815,19.0,2023-10-02,0,Clear sky,27.9,19.8,23.9,29.6,18.6,24.8,2023-10-02T07:58,2023-10-02T19:44,42357.01,40621.06,,,0.0,0.0,0.0,0.0,0.0,,,,15.6,29.9,51,18.46,4.11
38.3452,-0.4815,19.0,2023-10-03,3,Overcast,26.9,19.5,23.3,29.3,18.8,24.7,2023-10-03T07:59,2023-10-03T19:42,42210.8,39728.58,,,0.0,0.0,0.0,0.0,0.0,,,,14.5,29.2,58,17.92,3.72
38.3452,-0.4815,19.0,2023-10-04,3,Overcast,26.7,19.1,23.5,28.2,19.5,25.2,2023-10-04T08:00,2023-10-04T19:41,42065.35,40015.04,,,0.0,0.0,0.0,0.0,0.0,,,,17.3,33.1,59,17.52,3.55
38.3452,-0.4815,19.0,2023-10-05,1,Mainly clear,26.3,19.0,22.8,27.7,19.9,24.6,2023-10-05T08:01,2023-10-05T19:39,41920.64,40005.87,,,0.0,0.0,0.0,0.0,0.0,,,,14.6,28.8,204,17.68,3.44
38.3452,-0.4815,19.0,2023-10-06,0,Clear sky,26.8,20.6,23.5,29.6,19.4,25.3,2023-10-06T08:02,2023-10-06T19:38,41775.62,39700.8,,,0.0,0.0,0.0,0.0,0.0,,,,14.8,28.8,86,17.58,3.43
38.3452,-0.4815,19.0,2023-10-07,1,Mainly clear,26.1,20.7,23.5,28.1,21.1,25.2,2023-10-07T08:03,2023-10-07T19:36,41630.13,39394.98,,,0.0,0.0,0.0,0.0,0.0,,,,16.7,31.7,66,17.01,3.41
38.3452,-0.4815,19.0,2023-10-08,2,Partly cloudy,25.7,19.6,22.8,27.6,20.4,24.7,2023-10-08T08:03,2023-10-08T19:35,41484.27,38908.81,,,0.0,0.0,0.0,0.0,0.0,,,,14.9,29.9,47,16.28,3.19
38.3452,-0.4815,19.0,2023-10-09,3,Overcast,25.9,18.9,22.8,25.9,17.6,23.3,2023-10-09T08:04,2023-10-09T19:33,41338.16,38365.53,,,0.0,0.0,0.0,0.0,0.0,,,,16.9,32.0,41,16.59,3.72
38.3452,-0.4815,19.0,2023-10-10,51,Light drizzle,25.8,18.0,22.3,26.3,17.9,23.1,2023-10-10T08:05,2023-10-10T19:32,41191.88,37186.22,,,0.1,0.1,0.0,0.0,1.0,,,,18.3,33.1,37,14.99,3.3
38.3452,-0.4815,19.0,2023-10-11,3,Overcast,25.4,18.1,22.3,26.3,18.1,23.3,2023-10-11T08:06,2023-10-11T19:30,41045.55,38414.55,,,0.0,0.0,0.0,0.0,0.0,,,,15.1,29.5,36,15.43,3.17
38.3452,-0.4815,19.0,2023-10-12,2,Partly cloudy,25.6,18.6,22.1,27.0,18.7,23.4,2023-10-12T08:07,2023-10-12T19:29,40899.27,38748.5,,,0.0,0.0,0.0,0.0,0.0,,,,14.5,28.1,21,16.24,3.2
38.3452,-0.4815,19.0,2023-10-13,3,Overcast,26.8,17.3,22.1,27.7,17.5,23.2,2023-10-13T08:08,2023-10-13T19:27,40753.16,38184.22,,,0.0,0.0,0.0,0.0,0.0,,,,20.0,35.6,232,16.35,3.25
38.3452,-0.4815,19.0,2023-10-14,63,Moderate rain,27.2,19.2,22.8,28.3,18.1,23.4,2023-10-14T08:09,2023-10-14T19:26,40607.31,19449.57,,,4.5,4.5,0.0,0.0,4.0,,,,14.8,28.1,283,9.67,2.61
38.3452,-0.4815,19.0,2023-10-15,51,Light drizzle,28.0,17.7,22.1,27.1,16.3,22.0,2023-10-15T08:10,2023-10-15T19:24,40461.84,38254.33,,,0.1,0.1,0.0,0.0,1.0,,,,21.4,37.4,243,14.76,3.65
38.3452,-0.4815,19.0,2023-10-16,51,Light drizzle,27.3,18.9,22.4,27.5,19.1,23.4,2023-10-16T08:11,2023-10-16T19:23,40316.85,25062.46,,,0.1,0.1,0.0,0.0,1.0,,,,25.7,41.4,213,12.51,2.83
38.3452,-0.4815,19.0,2023-10-17,3,Overcast,25.3,19.3,22.6,27.1,19.6,24.2,2023-10-17T08:12,2023-10-17T19:22,40172.46,34518.81,,,0.0,0.0,0.0,0.0,0.0,,,,13.5,25.6,47,13.4,2.71
38.3452,-0.4815,19.0,2023-10-18,2,Partly cloudy,30.4,18.7,24.2,28.4,17.9,23.6,2023-10-18T08:13,2023-10-18T19:20,40028.79,38059.77,,,0.0,0.0,0.0,0.0,0.0,,,,27.7,44.6,248,14.97,4.64
38.3452,-0.4815,19.0,2023-10-19,51,Light drizzle,26.4,19.1,22.9,24.0,18.0,21.4,2023-10-19T08:14,2023-10-19T19:19,39885.94,23439.75,,,0.5,0.5,0.0,0.0,3.0,,,,37.1,56.2,232,10.65,4.01
38.3452,-0.4815,19.0,2023-10-20,63,Moderate rain,24.4,16.9,20.0,21.4,12.8,16.1,2023-10-20T08:15,2023-10-20T19:17,39744.04,32514.7,,,11.1,11.1,0.0,0.0,5.0,,,,39.3,61.2,264,12.97,4.88
38.3452,-0.4815,19.0,2023-10-21,3,Overcast,24.0,14.6,18.6,19.9,11.3,15.3,2023-10-21T08:16,2023-10-21T19:16,39603.21,37560.6,,,0.0,0.0,0.0,0.0,0.0,,,,26.2,45.7,264,15.2,4.51
38.3452,-0.4815,19.0,2023-10-22,3,Overcast,22.8,14.5,19.4,21.2,12.5,16.9,2023-10-22T08:17,2023-10-22T19:15,39463.56,29813.93,,,0.0,0.0,0.0,0.0,0.0,,,,31.4,49.0,48,10.07,3.47
38.3452,-0.4815,19.0,2023-10-23,3,Overcast,25.3,16.2,20.8,24.4,15.4,20.6,2023-10-23T08:18,2023-10-23T19:13,39325.22,35745.13,,,0.0,0.0,0.0,0.0,0.0,,,,21.3,35.6,229,12.88,2.95
38.3452,-0.4815,19.0,2023-10-24,3,Overcast,24.9,16.7,20.4,21.7,13.7,17.8,2023-10-24T08:19,2023-10-24T19:12,39188.32,37056.64,,,0.0,0.0,0.0,0.0,0.0,,,,25.4,40.0,256,14.84,4.53
38.3452,-0.4815,19.0,2023-10-25,51,Light drizzle,27.4,16.5,21.5,24.0,14.0,18.5,2023-10-25T08:20,2023-10-25T19:11,39052.83,36785.31,,,0.2,0.2,0.0,0.0,1.0,,,,29.2,46.4,251,11.33,4.75
38.3452,-0.4815,19.0,2023-10-26,3,Overcast,26.4,18.6,22.9,24.5,16.7,20.8,2023-10-26T08:21,2023-10-26T19:10,38917.61,36820.07,,,0.0,0.0,0.0,0.0,0.0,,,,25.8,42.5,238,13.28,4.76
38.3452,-0.4815,19.0,2023-10-27,3,Overcast,25.1,19.3,22.5,22.3,16.3,19.0,2023-10-27T08:22,2023-10-27T19:08,38782.48,28800.0,,,0.0,0.0,0.0,0.0,0.0,,,,32.9,52.2,280,12.05,5.39
38.3452,-0.4815,19.0,2023-10-28,3,Overcast,23.9,15.9,19.3,21.4,13.5,17.2,2023-10-28T08:23,2023-10-28T19:07,38647.56,36582.42,,,0.0,0.0,0.0,0.0,0.0,,,,25.7,42.5,241,14.18,3.78
38.3452,-0.4815,19.0,2023-10-29,3,Overcast,23.2,13.1,17.7,20.6,10.8,16.4,2023-10-29T08:24,2023-10-29T19:06,38512.99,35052.5,,,0.0,0.0,0.0,0.0,0.0,,,,21.4,36.7,228,13.58,2.94
38.3452,-0.4815,19.0,2023-10-30,3,Overcast,24.7,14.9,19.1,22.3,13.1,17.0,2023-10-30T08:25,2023-10-30T19:05,38378.89,28800.0,,,0.0,0.0,0.0,0.0,0.0,,,,28.8,42.8,251,11.9,3.82
38.3452,-0.4815,19.0,2023-10-31,3,Overcast,20.6,14.6,17.9,18.7,12.1,16.1,2023-10-31T08:27,2023-10-31T19:04,38245.38,5677.24,,,0.0,0.0,0.0,0.0,0.0,,,,20.0,36.7,263,7.14,2.38
38.3452,-0.4815,19.0,2023-11-01,3,Overcast,25.0,14.2,19.6,21.7,11.4,17.1,2023-11-01T08:28,2023-11-01T19:03,38112.61,36005.7,,,0.0,0.0,0.0,0.0,0.0,,,,23.6,41.4,248,12.69,3.99
38.3452,-0.4815,19.0,2023-11-02,3,Overcast,27.7,17.2,21.4,23.6,12.9,17.6,2023-11-02T08:29,2023-11-02T19:01,37980.69,35049.71,,,0.0,0.0,0.0,0.0,0.0,,,,38.7,65.2,249,10.9,5.35
38.3452,-0.4815,19.0,2023-11-03,3,Overcast,22.1,14.7,17.9,15.2,8.7,11.9,2023-11-03T08:30,2023-11-03T19:00,37849.77,29380.97,,,0.0,0.0,0.0,0.0,0.0,,,,39.3,59.4,269,10.13,5.51
38.3452,-0.4815,19.0,2023-11-04,3,Overcast,24.3,15.8,19.5,21.2,12.1,15.8,2023-11-04T08:31,2023-11-04T18:59,37719.99,35703.93,,,0.0,0.0,0.0,0.0,0.0,,,,27.2,43.9,235,12.34,4.72
38.3452,-0.4815,19.0,2023-11-05,2,Partly cloudy,23.2,15.6,19.2,18.1,10.9,14.9,2023-11-05T08:32,2023-11-05T18:58,37591.49,35640.24,,,0.0,0.0,0.0,0.0,0.0,,,,33.2,48.6,267,13.28,5.05
38.3452,-0.4815,19.0,2023-11-06,3,Overcast,21.5,13.6,16.9,16.3,10.7,13.2,2023-11-06T08:33,2023-11-06T18:57,37464.41,35578.04,,,0.0,0.0,0.0,0.0,0.0,,,,21.6,37.4,286,12.57,4.01
38.3452,-0.4815,19.0,2023-11-07,0,Clear sky,19.7,10.9,15.2,16.0,7.6,12.0,2023-11-07T08:34,2023-11-07T18:56,37338.9,35517.45,,,0.0,0.0,0.0,0.0,0.0,,,,19.9,34.6,275,13.05,3.32
38.3452,-0.4815,19.0,2023-11-08,3,Overcast,19.4,10.3,14.4,16.9,7.1,11.2,2023-11-08T08:35,2023-11-08T18:55,37215.1,27803.38,,,0.0,0.0,0.0,0.0,0.0,,,,24.1,36.7,256,8.43,2.7
38.3452,-0.4815,19.0,2023-11-09,3,Overcast,23.0,11.7,16.8,19.4,8.5,13.4,2023-11-09T08:36,2023-11-09T18:54,37093.18,35401.47,,,0.0,0.0,0.0,0.0,0.0,,,,22.7,36.7,257,11.67,3.73
38.3452,-0.4815,19.0,2023-11-10,3,Overcast,22.9,14.5,18.0,17.7,11.7,14.1,2023-11-10T08:37,2023-11-10T18:53,36973.27,24030.41,,,0.0,0.0,0.0,0.0,0.0,,,,28.7,45.0,286,9.3,4.16
38.3452,-0.4815,19.0,2023-11-11,3,Overcast,26.6,15.9,20.7,22.9,12.8,17.0,2023-11-11T08:38,2023-11-11T18:52,36855.56,34834.26,,,0.0,0.0,0.0,0.0,0.0,,,,49.8,74.9,278,10.63,4.78
38.3452,-0.4815,19.0,2023-11-12,3,Overcast,27.0,18.6,21.7,23.4,13.9,18.3,2023-11-12T08:39,2023-11-12T18:52,36740.19,35241.94,,,0.0,0.0,0.0,0.0,0.0,,,,37.3,55.8,286,11.72,5.0
38.3452,-0.4815,19.0,2023-11-13,3,Overcast,23.8,15.2,18.9,23.2,13.1,17.6,2023-11-13T08:41,2023-11-13T18:51,36627.33,35193.02,,,0.0,0.0,0.0,0.0,0.0,,,,18.4,28.4,318,11.86,2.82
38.3452,-0.4815,19.0,2023-11-14,3,Overcast,27.0,14.6,20.5,25.6,12.4,18.6,2023-11-14T08:42,2023-11-14T18:50,36516.99,34089.03,,,0.0,0.0,0.0,0.0,0.0,,,,16.6,23.4,304,11.64,3.39
38.3452,-0.4815,19.0,2023-11-15,1,Mainly clear,23.2,15.5,19.3,21.8,13.6,17.4,2023-11-15T08:43,2023-11-15T18:49,36408.04,35101.02,,,0.0,0.0,0.0,0.0,0.0,,,,15.6,26.6,325,11.62,3.15
38.3452,-0.4815,19.0,2023-11-16,3,Overcast,25.5,13.4,19.9,22.2,11.6,17.7,2023-11-16T08:44,2023-11-16T18:49,36300.34,32400.0,,,0.0,0.0,0.0,0.0,0.0,,,,23.9,38.2,254,10.46,3.52
38.3452,-0.4815,19.0,2023-11-17,3,Overcast,22.4,15.3,18.7,22.1,14.3,17.7,2023-11-17T08:45,2023-11-17T18:48,36193.99,35015.6,,,0.0,0.0,0.0,0.0,0.0,,,,15.5,23.0,11,11.18,2.56
38.3452,-0.4815,19.0,2023-11-18,3,Overcast,20.9,14.2,17.3,20.1,12.6,16.7,2023-11-18T08:46,2023-11-18T18:47,36089.14,34975.42,,,0.0,0.0,0.0,0.0,0.0,,,,15.8,28.4,17,11.18,2.06
38.3452,-0.4815,19.0,2023-11-19,1,Mainly clear,19.7,12.3,15.5,18.3,11.3,15.0,2023-11-19T08:47,2023-11-19T18:47,35985.92,34936.95,,,0.0,0.0,0.0,0.0,0.0,,,,13.5,25.9,223,11.19,1.75
38.3452,-0.4815,19.0,2023-11-20,3,Overcast,18.6,12.8,15.4,16.6,12.6,14.9,2023-11-20T08:48,2023-11-20T18:46,35884.45,31502.6,,,0.0,0.0,0.0,0.0,0.0,,,,12.0,24.8,120,10.49,1.57
38.3452,-0.4815,19.0,2023-11-21,3,Overcast,20.4,11.1,14.8,19.0,9.6,13.8,2023-11-21T08:49,2023-11-21T18:45,35784.88,31586.25,,,0.0,0.0,0.0,0.0,0.0,,,,14.7,24.8,11,9.71,1.8
38.3452,-0.4815,19.0,2023-11-22,2,Partly cloudy,21.4,12.0,15.7,18.5,7.2,11.9,2023-11-22T08:50,2023-11-22T18:45,35687.35,34173.22,,,0.0,0.0,0.0,0.0,0.0,,,,21.7,32.0,345,11.21,3.47
38.3452,-0.4815,19.0,2023-11-23,0,Clear sky,17.7,7.4,12.7,14.8,3.7,9.7,2023-11-23T08:51,2023-11-23T18:44,35592.0,34800.93,,,0.0,0.0,0.0,0.0,0.0,,,,18.0,30.6,322,11.14,2.34
38.3452,-0.4815,19.0,2023-11-24,0,Clear sky,21.3,7.4,13.7,16.7,2.9,9.3,2023-11-24T08:52,2023-11-24T18:44,35498.97,34771.57,,,0.0,0.0,0.0,0.0,0.0,,,,18.2,28.8,274,11.15,3.53
38.3452,-0.4815,19.0,2023-11-25,1,Mainly clear,18.6,9.8,14.5,15.0,6.1,11.2,2023-11-25T08:53,2023-11-25T18:43,35408.4,34572.74,,,0.0,0.0,0.0,0.0,0.0,,,,26.0,43.9,8,10.9,2.93
38.3452,-0.4815,19.0,2023-11-26,3,Overcast,18.9,10.8,14.8,18.4,8.7,13.6,2023-11-26T08:54,2023-11-26T18:43,35320.43,34257.77,,,0.0,0.0,0.0,0.0,0.0,,,,14.9,25.9,333,10.43,1.74
38.3452,-0.4815,19.0,2023-11-27,3,Overcast,23.3,11.2,16.6,19.2,8.1,13.0,2023-11-27T08:55,2023-11-27T18:43,35235.23,34242.55,,,0.0,0.0,0.0,0.0,0.0,,,,25.6,37.1,259,10.45,3.69
38.3452,-0.4815,19.0,2023-11-28,3,Overcast,20.6,16.0,17.9,17.6,12.3,14.7,2023-11-28T08:56,2023-11-28T18:42,35152.94,0.0,,,0.0,0.0,0.0,0.0,0.0,,,,28.9,43.6,279,2.64,2.95
38.3452,-0.4815,19.0,2023-11-29,3,Overcast,21.1,14.4,17.3,17.6,12.2,14.7,2023-11-29T08:57,2023-11-29T18:42,35073.7,32466.69,,,0.0,0.0,0.0,0.0,0.0,,,,32.1,47.2,245,9.48,2.85
38.3452,-0.4815,19.0,2023-11-30,3,Overcast,21.0,13.5,16.8,19.6,12.1,16.0,2023-11-30T08:58,2023-11-30T18:42,34997.68,32184.75,,,0.0,0.0,0.0,0.0,0.0,,,,19.8,32.0,222,9.23,1.83
38.3452,-0.4815,19.0,2023-12-01,3,Overcast,22.3,12.9,16.8,19.0,6.4,13.6,2023-12-01T08:59,2023-12-01T18:41,34925.01,21135.2,,,0.0,0.0,0.0,0.0,0.0,,,,39.7,57.6,272,6.8,3.09
38.3452,-0.4815,19.0,2023-12-02,1,Mainly clear,18.3,10.1,13.9,13.3,5.9,8.9,2023-12-02T09:00,2023-12-02T18:41,34855.87,34020.04,,,0.0,0.0,0.0,0.0,0.0,,,,39.0,58.3,301,10.49,3.79
38.3452,-0.4815,19.0,2023-12-03,3,Overcast,16.8,7.0,11.9,13.3,2.5,8.5,2023-12-03T09:01,2023-12-03T18:41,34790.39,33635.58,,,0.0,0.0,0.0,0.0,0.0,,,,16.2,27.4,291,10.25,2.39
38.3452,-0.4815,19.0,2023-12-04,3,Overcast,14.2,8.5,11.4,11.6,4.7,8.3,2023-12-04T09:02,2023-12-04T18:41,34728.64,2771.11,,,0.0,0.0,0.0,0.0,0.0,,,,22.6,33.1,278,3.59,1.56
38.3452,-0.4815,19.0,2023-12-05,3,Overcast,15.9,10.2,13.0,13.2,6.7,9.9,2023-12-05T09:03,2023-12-05T18:41,34669.87,29753.29,,,0.0,0.0,0.0,0.0,0.0,,,,26.2,39.2,324,9.27,2.18
38.3452,-0.4815,19.0,2023-12-06,51,Light drizzle,15.3,11.3,13.1,14.0,9.1,11.3,2023-12-06T09:04,2023-12-06T18:41,34613.98,18000.0,,,0.6,0.6,0.0,0.0,3.0,,,,17.0,25.6,335,6.51,1.38
38.3452,-0.4815,19.0,2023-12-07,3,Overcast,18.5,8.4,13.0,15.6,5.8,10.7,2023-12-07T09:05,2023-12-07T18:41,34561.03,31802.36,,,0.0,0.0,0.0,0.0,0.0,,,,23.2,36.0,239,8.61,1.61
38.3452,-0.4815,19.0,2023-12-08,51,Light drizzle,19.6,13.5,15.8,13.5,8.6,11.9,2023-12-08T09:06,2023-12-08T18:41,34511.07,32989.01,,,0.5,0.5,0.0,0.0,4.0,,,,40.5,61.9,285,8.77,3.28
38.3452,-0.4815,19.0,2023-12-09,3,Overcast,22.3,11.9,16.1,18.5,6.7,12.0,2023-12-09T09:06,2023-12-09T18:41,34464.18,29957.51,,,0.0,0.0,0.0,0.0,0.0,,,,33.3,49.3,299,9.19,3.63
38.3452,-0.4815,19.0,2023-12-10,3,Overcast,21.6,12.6,16.9,20.7,10.9,15.9,2023-12-10T09:07,2023-12-10T18:41,34420.43,33305.21,,,0.0,0.0,0.0,0.0,0.0,,,,16.4,33.5,290,9.27,1.95
38.3452,-0.4815,19.0,2023-12-11,3,Overcast,23.6,13.9,18.1,19.5,11.2,15.4,2023-12-11T09:08,2023-12-11T18:41,34379.88,31601.24,,,0.0,0.0,0.0,0.0,0.0,,,,22.4,35.3,250,9.67,3.22
38.3452,-0.4815,19.0,2023-12-12,3,Overcast,24.4,14.3,18.7,21.6,10.8,15.6,2023-12-12T09:09,2023-12-12T18:41,34342.58,32887.56,,,0.0,0.0,0.0,0.0,0.0,,,,28.3,41.4,271,9.46,3.74
38.3452,-0.4815,19.0,2023-12-13,3,Overcast,21.4,14.3,18.0,16.7,9.9,14.0,2023-12-13T09:10,2023-12-13T18:41,34308.61,13441.11,,,0.0,0.0,0.0,0.0,0.0,,,,28.0,44.6,287,5.35,3.83
38.3452,-0.4815,19.0,2023-12-14,3,Overcast,20.0,11.9,14.7,14.6,5.8,9.0,2023-12-14T09:10,2023-12-14T18:42,34278.03,33453.38,,,0.0,0.0,0.0,0.0,0.0,,,,39.3,60.5,328,9.71,4.41
38.3452,-0.4815,19.0,2023-12-15,0,Clear sky,18.6,6.7,12.2,14.8,2.3,8.6,2023-12-15T09:11,2023-12-15T18:42,34250.9,33671.43,,,0.0,0.0,0.0,0.0,0.0,,,,16.8,24.5,318,9.79,2.57
38.3452,-0.4815,19.0,2023-12-16,0,Clear sky,16.3,6.3,11.2,14.0,2.8,8.4,2023-12-16T09:12,2023-12-16T18:42,34227.27,33356.59,,,0.0,0.0,0.0,0.0,0.0,,,,18.1,28.8,352,9.69,1.91
38.3452,-0.4815,19.0,2023-12-17,2,Partly cloudy,16.6,6.2,10.9,13.6,2.6,7.6,2023-12-17T09:12,2023-12-17T18:43,34207.2,32977.57,,,0.0,0.0,0.0,0.0,0.0,,,,22.8,34.6,360,9.31,2.01
38.3452,-0.4815,19.0,2023-12-18,2,Partly cloudy,15.2,7.8,11.2,12.6,4.3,8.6,2023-12-18T09:13,2023-12-18T18:43,34190.77,32640.34,,,0.0,0.0,0.0,0.0,0.0,,,,15.0,23.4,340,8.97,1.65
38.3452,-0.4815,19.0,2023-12-19,0,Clear sky,17.8,4.7,10.2,13.2,0.6,6.5,2023-12-19T09:14,2023-12-19T18:43,34178.0,33598.77,,,0.0,0.0,0.0,0.0,0.0,,,,17.1,27.7,295,9.95,2.2
38.3452,-0.4815,19.0,2023-12-20,3,Overcast,19.0,8.2,13.8,15.5,3.6,9.9,2023-12-20T09:14,2023-12-20T18:44,34168.97,29268.93,,,0.0,0.0,0.0,0.0,0.0,,,,27.5,40.7,306,8.57,2.95
38.3452,-0.4815,19.0,2023-12-21,0,Clear sky,18.9,7.1,12.5,14.7,3.2,8.7,2023-12-21T09:15,2023-12-21T18:44,34163.72,33584.82,,,0.0,0.0,0.0,0.0,0.0,,,,18.0,27.7,285,9.66,2.71
38.3452,-0.4815,19.0,2023-12-22,0,Clear sky,17.2,7.8,12.4,15.7,4.4,9.7,2023-12-22T09:15,2023-12-22T18:45,34162.31,33583.62,,,0.0,0.0,0.0,0.0,0.0,,,,12.4,22.0,332,9.69,1.97
38.3452,-0.4815,19.0,2023-12-23,0,Clear sky,17.1,9.1,13.2,15.6,6.0,11.1,2023-12-23T09:16,2023-12-23T18:45,34164.77,33586.35,,,0.0,0.0,0.0,0.0,0.0,,,,11.8,22.3,7,9.68,1.9
38.3452,-0.4815,19.0,2023-12-24,0,Clear sky,15.9,7.8,11.3,12.9,4.8,9.1,2023-12-24T09:16,2023-12-24T18:46,34171.17,33591.08,,,0.0,0.0,0.0,0.0,0.0,,,,14.4,25.6,276,9.66,1.5
38.3452,-0.4815,19.0,2023-12-25,0,Clear sky,15.8,6.2,10.3,13.1,2.6,7.9,2023-12-25T09:16,2023-12-25T18:46,34181.56,33604.42,,,0.0,0.0,0.0,0.0,0.0,,,,11.5,22.7,348,9.84,1.62
38.3452,-0.4815,19.0,2023-12-26,3,Overcast,15.9,6.1,11.1,14.2,2.8,8.9,2023-12-26T09:17,2023-12-26T18:47,34195.89,32574.7,,,0.0,0.0,0.0,0.0,0.0,,,,10.4,16.6,9,9.85,1.6
38.3452,-0.4815,19.0,2023-12-27,0,Clear sky,15.5,7.0,10.8,13.2,3.5,8.2,2023-12-27T09:17,2023-12-27T18:47,34214.09,33638.56,,,0.0,0.0,0.0,0.0,0.0,,,,14.6,29.2,308,9.85,1.65
38.3452,-0.4815,19.0,2023-12-28,3,Overcast,16.3,7.1,11.3,13.2,3.4,8.4,2023-12-28T09:17,2023-12-28T18:48,34236.11,31018.35,,,0.0,0.0,0.0,0.0,0.0,,,,13.5,26.6,245,8.51,1.8
38.3452,-0.4815,19.0,2023-12-29,3,Overcast,16.4,10.9,13.3,13.5,7.7,10.8,2023-12-29T09:18,2023-12-29T18:49,34261.85,16374.5,,,0.0,0.0,0.0,0.0,0.0,,,,8.6,17.6,269,6.45,1.45
38.3452,-0.4815,19.0,2023-12-30,3,Overcast,15.9,8.4,12.1,13.9,5.1,10.3,2023-12-30T09:18,2023-12-30T18:50,34291.25,32832.65,,,0.0,0.0,0.0,0.0,0.0,,,,15.3,28.1,316,9.57,1.5
38.3452,-0.4815,19.0,2023-12-31,3,Overcast,20.1,6.8,12.5,16.9,3.2,9.1,2023-12-31T09:18,2023-12-31T18:50,34324.26,26059.07,,,0.0,0.0,0.0,0.0,0.0,,,,18.3,30.2,274,7.91,2.44
38.3452,-0.4815,19.0,2024-01-01,3,Overcast,18.2,10.1,13.3,13.7,6.8,10.2,2024-01-01T09:18,2024-01-01T18:51,34360.78,20811.94,,,0.0,0.0,0.0,0.0,0.0,,,,22.7,36.7,295,7.47,2.3
38.3452,-0.4815,19.0,2024-01-02,3,Overcast,19.6,7.0,12.3,14.7,2.5,8.0,2024-01-02T09:18,2024-01-02T18:52,34400.74,30772.38,,,0.0,0.0,0.0,0.0,0.0,,,,21.9,33.5,260,8.92,3.02
38.3452,-0.4815,19.0,2024-01-03,3,Overcast,21.9,12.2,16.3,17.9,8.7,12.8,2024-01-03T09:19,2024-01-03T18:53,34444.07,31712.95,,,0.0,0.0,0.0,0.0,0.0,,,,23.0,36.7,245,9.52,3.35
38.3452,-0.4815,19.0,2024-01-04,3,Overcast,19.1,13.1,15.8,17.8,10.5,14.1,2024-01-04T09:19,2024-01-04T18:54,34490.69,20281.15,,,0.0,0.0,0.0,0.0,0.0,,,,26.6,38.9,290,5.53,1.72
38.3452,-0.4815,19.0,2024-01-05,61,Slight rain,16.6,11.8,13.8,12.5,6.9,10.2,2024-01-05T09:19,2024-01-05T18:54,34540.52,33480.86,,,3.0,3.0,0.0,0.0,4.0,,,,31.6,49.7,285,9.42,2.75
38.3452,-0.4815,19.0,2024-01-06,0,Clear sky,16.6,10.5,12.8,9.2,0.7,4.9,2024-01-06T09:19,2024-01-06T18:55,34593.49,34027.2,,,0.0,0.0,0.0,0.0,0.0,,,,55.8,84.2,307,10.36,4.85
38.3452,-0.4815,19.0,2024-01-07,3,Overcast,16.7,9.0,12.2,10.7,2.6,5.8,2024-01-07T09:19,2024-01-07T18:56,34649.52,32217.03,,,0.0,0.0,0.0,0.0,0.0,,,,35.7,52.6,306,9.94,4.24
38.3452,-0.4815,19.0,2024-01-08,3,Overcast,16.9,6.0,10.7,12.2,0.8,6.0,2024-01-08T09:19,2024-01-08T18:57,34708.52,34144.2,,,0.0,0.0,0.0,0.0,0.0,,,,22.7,33.5,299,10.49,2.96
38.3452,-0.4815,19.0,2024-01-09,3,Overcast,15.4,7.7,11.8,12.3,3.3,8.4,2024-01-09T09:19,2024-01-09T18:58,34770.42,15951.13,,,0.0,0.0,0.0,0.0,0.0,,,,12.1,21.6,17,6.99,2.03
38.3452,-0.4815,19.0,2024-01-10,63,Moderate rain,14.4,9.9,11.9,12.2,7.6,9.9,2024-01-10T09:18,2024-01-10T18:59,34835.13,11673.8,,,9.0,9.0,0.0,0.0,6.0,,,,17.3,25.9,207,5.81,1.17
38.3452,-0.4815,19.0,2024-01-11,51,Light drizzle,12.8,9.8,11.5,10.9,6.4,8.4,2024-01-11T09:18,2024-01-11T19:00,34902.6,33777.51,,,0.9,0.9,0.0,0.0,6.0,,,,25.7,40.0,85,8.69,1.64
38.3452,-0.4815,19.0,2024-01-12,3,Overcast,12.7,6.9,9.7,10.4,3.6,7.1,2024-01-12T09:18,2024-01-12T19:01,34972.71,33824.29,,,0.0,0.0,0.0,0.0,0.0,,,,13.2,21.6,25,9.53,1.49
38.3452,-0.4815,19.0,2024-01-13,3,Overcast,15.8,5.6,10.1,12.2,2.0,7.0,2024-01-13T09:18,2024-01-13T19:02,35045.52,31503.87,,,0.0,0.0,0.0,0.0,0.0,,,,19.2,31.7,257,9.66,1.69
38.3452,-0.4815,19.0,2024-01-14,3,Overcast,20.4,8.4,14.7,18.7,5.7,11.6,2024-01-14T09:18,2024-01-14T19:03,35121.82,30783.96,,,0.0,0.0,0.0,0.0,0.0,,,,25.3,38.2,249,9.09,2.79
38.3452,-0.4815,19.0,2024-01-15,3,Overcast,21.5,16.1,18.3,18.3,11.4,14.6,2024-01-15T09:17,2024-01-15T19:04,35201.68,1605.96,,,0.0,0.0,0.0,0.0,0.0,,,,28.7,43.6,267,3.6,3.44
38.3452,-0.4815,19.0,2024-01-16,3,Overcast,22.2,15.8,18.1,19.8,13.5,15.8,2024-01-16T09:17,2024-01-16T19:05,35284.93,29914.0,,,0.0,0.0,0.0,0.0,0.0,,,,31.8,46.4,250,9.7,2.88
38.3452,-0.4815,19.0,2024-01-17,51,Light drizzle,23.7,13.3,18.0,19.0,11.3,14.7,2024-01-17T09:16,2024-01-17T19:06,35371.42,33595.06,,,0.3,0.3,0.0,0.0,1.0,,,,31.6,49.0,241,10.13,3.86
38.3452,-0.4815,19.0,2024-01-18,3,Overcast,22.5,14.1,18.0,19.1,11.1,14.7,2024-01-18T09:16,2024-01-18T19:07,35460.97,33576.68,,,0.0,0.0,0.0,0.0,0.0,,,,23.8,38.2,246,9.5,3.58
38.3452,-0.4815,19.0,2024-01-19,63,Moderate rain,17.8,12.3,15.3,16.9,11.4,14.1,2024-01-19T09:16,2024-01-19T19:08,35553.44,2804.99,,,4.4,4.4,0.0,0.0,4.0,,,,20.1,35.6,5,3.64,1.07
38.3452,-0.4815,19.0,2024-01-20,3,Overcast,13.5,11.1,12.4,11.7,8.1,9.5,2024-01-20T09:15,2024-01-20T19:09,35648.67,24735.83,,,0.0,0.0,0.0,0.0,0.0,,,,22.0,32.8,61,7.81,1.93
38.3452,-0.4815,19.0,2024-01-21,3,Overcast,15.4,9.1,12.1,12.5,7.0,10.2,2024-01-21T09:15,2024-01-21T19:10,35746.49,34509.15,,,0.0,0.0,0.0,0.0,0.0,,,,20.5,36.0,128,9.56,1.49
38.3452,-0.4815,19.0,2024-01-22,1,Mainly clear,18.2,6.2,11.4,14.5,2.8,8.5,2024-01-22T09:14,2024-01-22T19:12,35846.76,34153.63,,,0.0,0.0,0.0,0.0,0.0,,,,20.2,33.5,248,11.4,2.12
38.3452,-0.4815,19.0,2024-01-23,3,Overcast,18.7,9.7,13.8,17.6,7.2,12.3,2024-01-23T09:13,2024-01-23T19:13,35949.34,34877.81,,,0.0,0.0,0.0,0.0,0.0,,,,11.6,19.8,344,11.25,1.91
38.3452,-0.4815,19.0,2024-01-24,2,Partly cloudy,21.0,9.7,14.7,18.6,7.2,13.1,2024-01-24T09:13,2024-01-24T19:14,36054.06,34915.16,,,0.0,0.0,0.0,0.0,0.0,,,,16.1,27.7,243,11.51,2.16
38.3452,-0.4815,19.0,2024-01-25,2,Partly cloudy,24.7,10.7,16.5,21.4,7.4,14.1,2024-01-25T09:12,2024-01-25T19:15,36160.79,34954.24,,,0.0,0.0,0.0,0.0,0.0,,,,19.6,32.0,240,11.8,3.0
38.3452,-0.4815,19.0,2024-01-26,3,Overcast,19.6,12.2,16.2,18.3,10.4,14.9,2024-01-26T09:11,2024-01-26T19:16,36269.37,34995.01,,,0.0,0.0,0.0,0.0,0.0,,,,12.3,20.5,57,11.73,2.17
38.3452,-0.4815,19.0,2024-01-27,3,Overcast,18.1,13.6,15.8,16.6,11.9,14.3,2024-01-27T09:11,2024-01-27T19:17,36379.67,34671.92,,,0.0,0.0,0.0,0.0,0.0,,,,14.7,26.3,72,11.56,1.99
38.3452,-0.4815,19.0,2024-01-28,3,Overcast,18.4,10.1,15.1,15.5,8.7,13.2,2024-01-28T09:10,2024-01-28T19:18,36491.55,35081.45,,,0.0,0.0,0.0,0.0,0.0,,,,21.8,36.4,70,12.1,2.24
38.3452,-0.4815,19.0,2024-01-29,3,Overcast,16.2,9.4,13.3,13.9,6.8,11.2,2024-01-29T09:09,2024-01-29T19:20,36604.87,32985.18,,,0.0,0.0,0.0,0.0,0.0,,,,25.6,40.7,67,10.43,1.74
38.3452,-0.4815,19.0,2024-01-30,3,Overcast,16.4,9.1,13.0,14.5,6.6,10.9,2024-01-30T09:09,2024-01-30T19:21,36719.49,33067.92,,,0.0,0.0,0.0,0.0,0.0,,,,25.3,38.5,49,10.25,1.72
38.3452,-0.4815,19.0,2024-01-31,3,Overcast,15.8,9.8,12.9,14.1,7.5,11.0,2024-01-31T09:08,2024-01-31T19:22,36835.29,29004.47,,,0.0,0.0,0.0,0.0,0.0,,,,16.6,28.8,27,10.21,1.71
38.3452,-0.4815,19.0,2024-02-01,1,Mainly clear,16.1,8.7,12.2,13.7,6.0,10.3,2024-02-01T09:07,2024-02-01T19:23,36952.13,35272.79,,,0.0,0.0,0.0,0.0,0.0,,,,13.7,26.3,269,12.63,1.92
38.3452,-0.4815,19.0,2024-02-02,3,Overcast,16.4,9.7,12.4,13.9,7.4,10.5,2024-02-02T09:06,2024-02-02T19:24,37070.03,35118.36,,,0.0,0.0,0.0,0.0,0.0,,,,23.0,37.8,68,12.39,1.85
38.3452,-0.4815,19.0,2024-02-03,0,Clear sky,17.2,7.8,12.1,14.9,4.7,9.6,2024-02-03T09:05,2024-02-03T19:25,37190.17,35377.82,,,0.0,0.0,0.0,0.0,0.0,,,,15.9,28.4,282,12.85,2.26
38.3452,-0.4815,19.0,2024-02-04,1,Mainly clear,17.7,7.7,12.2,15.2,5.2,10.3,2024-02-04T09:04,2024-02-04T19:26,37312.68,35433.44,,,0.0,0.0,0.0,0.0,0.0,,,,15.5,28.8,237,13.23,2.02
38.3452,-0.4815,19.0,2024-02-05,3,Overcast,18.5,9.0,13.3,15.3,6.7,11.2,2024-02-05T09:03,2024-02-05T19:27,37437.4,35491.06,,,0.0,0.0,0.0,0.0,0.0,,,,18.0,32.0,224,13.4,2.28
38.3452,-0.4815,19.0,2024-02-06,3,Overcast,18.3,10.2,13.7,16.1,6.8,11.3,2024-02-06T09:02,2024-02-06T19:29,37564.18,29016.67,,,0.0,0.0,0.0,0.0,0.0,,,,17.7,31.3,68,11.1,2.16
38.3452,-0.4815,19.0,2024-02-07,3,Overcast,23.2,13.6,17.3,18.6,9.3,13.6,2024-02-07T09:01,2024-02-07T19:30,37692.84,35611.85,,,0.0,0.0,0.0,0.0,0.0,,,,22.2,38.2,281,13.56,4.3
38.3452,-0.4815,19.0,2024-02-08,3,Overcast,19.7,12.1,15.7,16.2,8.5,13.1,2024-02-08T09:00,2024-02-08T19:31,37823.24,32074.82,,,0.0,0.0,0.0,0.0,0.0,,,,20.5,35.6,230,12.33,2.89
38.3452,-0.4815,19.0,2024-02-09,63,Moderate rain,17.0,12.2,15.1,15.2,11.0,12.7,2024-02-09T08:59,2024-02-09T19:32,37955.22,3117.97,,,8.9,8.9,0.0,0.0,13.0,,,,27.7,43.2,226,4.62,1.88
38.3452,-0.4815,19.0,2024-02-10,3,Overcast,18.4,11.8,14.6,11.8,5.4,9.3,2024-02-10T08:58,2024-02-10T19:33,38088.64,36479.49,,,0.0,0.0,0.0,0.0,0.0,,,,41.1,60.8,272,13.42,4.02
38.3452,-0.4815,19.0,2024-02-11,61,Slight rain,13.8,9.3,11.7,9.4,4.2,6.9,2024-02-11T08:57,2024-02-11T19:34,38223.35,4663.94,,,3.3,3.3,0.0,0.0,4.0,,,,38.2,56.5,265,4.02,2.42
38.3452,-0.4815,19.0,2024-02-12,3,Overcast,22.9,9.7,15.6,18.8,6.9,12.7,2024-02-12T08:56,2024-02-12T19:35,38359.21,36850.1,,,0.0,0.0,0.0,0.0,0.0,,,,31.7,49.7,272,14.01,3.44
38.3452,-0.4815,19.0,2024-02-13,3,Overcast,25.1,14.0,18.0,22.9,11.6,15.8,2024-02-13T08:55,2024-02-13T19:36,38496.08,35828.95,,,0.0,0.0,0.0,0.0,0.0,,,,23.2,37.8,284,13.81,3.54
38.3452,-0.4815,19.0,2024-02-14,3,Overcast,17.9,12.5,15.3,17.7,10.9,14.5,2024-02-14T08:53,2024-02-14T19:38,38633.8,20700.64,,,0.0,0.0,0.0,0.0,0.0,,,,11.2,19.8,34,9.13,1.63
38.3452,-0.4815,19.0,2024-02-15,51,Light drizzle,18.1,13.4,15.2,17.6,10.6,13.9,2024-02-15T08:52,2024-02-15T19:39,38772.27,26783.35,,,0.3,0.3,0.0,0.0,1.0,,,,20.2,27.0,55,12.37,2.23
38.3452,-0.4815,19.0,2024-02-16,53,Moderate drizzle,19.2,12.7,14.8,17.3,11.0,13.2,2024-02-16T08:51,2024-02-16T19:40,38911.33,27737.86,,,1.7,1.7,0.0,0.0,5.0,,,,19.8,31.7,269,7.68,1.78
38.3452,-0.4815,19.0,2024-02-17,3,Overcast,17.7,9.1,13.3,15.9,5.6,11.2,2024-02-17T08:50,2024-02-17T19:41,39050.87,37026.71,,,0.0,0.0,0.0,0.0,0.0,,,,15.2,23.0,309,13.31,2.35
38.3452,-0.4815,19.0,2024-02-18,3,Overcast,18.2,9.7,13.7,16.7,6.6,11.7,2024-02-18T08:49,2024-02-18T19:42,39190.74,37600.98,,,0.0,0.0,0.0,0.0,0.0,,,,14.7,27.0,275,15.08,2.62
38.3452,-0.4815,19.0,2024-02-19,3,Overcast,16.7,9.4,13.2,15.6,7.3,11.8,2024-02-19T08:47,2024-02-19T19:43,39330.83,37562.62,,,0.0,0.0,0.0,0.0,0.0,,,,13.3,25.9,1,13.77,2.04
38.3452,-0.4815,19.0,2024-02-20,3,Overcast,21.1,9.3,14.0,18.4,6.3,12.4,2024-02-20T08:46,2024-02-20T19:44,39471.01,38134.01,,,0.0,0.0,0.0,0.0,0.0,,,,23.2,38.9,278,15.57,2.61
38.3452,-0.4815,19.0,2024-02-21,3,Overcast,17.3,8.6,13.5,15.8,6.1,12.0,2024-02-21T08:45,2024-02-21T19:45,39611.16,29369.03,,,0.0,0.0,0.0,0.0,0.0,,,,17.1,31.3,227,13.87,2.11
38.3452,-0.4815,19.0,2024-02-22,3,Overcast,23.4,14.2,18.1,20.0,10.5,15.0,2024-02-22T08:44,2024-02-22T19:46,39751.31,29642.8,,,0.0,0.0,0.0,0.0,0.0,,,,26.6,38.9,239,13.92,4.31
38.3452,-0.4815,19.0,2024-02-23,3,Overcast,19.3,12.3,16.4,14.3,6.6,10.6,2024-02-23T08:42,2024-02-23T19:47,39892.63,33509.93,,,0.0,0.0,0.0,0.0,0.0,,,,39.3,59.8,280,14.94,5.61
38.3452,-0.4815,19.0,2024-02-24,51,Light drizzle,17.3,10.1,13.4,9.8,2.6,7.1,2024-02-24T08:41,2024-02-24T19:48,40035.3,38691.92,,,0.1,0.1,0.0,0.0,1.0,,,,37.8,64.4,293,15.9,4.93
38.3452,-0.4815,19.0,2024-02-25,3,Overcast,20.9,10.9,15.4,14.6,6.0,10.3,2024-02-25T08:40,2024-02-25T19:49,40179.2,7116.75,,,0.0,0.0,0.0,0.0,0.0,,,,45.4,73.1,254,6.32,3.99
38.3452,-0.4815,19.0,2024-02-26,55,Dense drizzle,19.5,14.1,16.4,13.4,7.8,11.7,2024-02-26T08:38,2024-02-26T19:51,40324.2,18716.46,,,1.2,1.2,0.0,0.0,3.0,,,,31.5,49.7,270,10.05,4.34
38.3452,-0.4815,19.0,2024-02-27,51,Light drizzle,18.4,12.2,14.6,13.2,5.1,9.2,2024-02-27T08:37,2024-02-27T19:52,40470.18,35590.68,,,0.2,0.2,0.0,0.0,2.0,,,,33.9,50.4,328,12.47,4.53
38.3452,-0.4815,19.0,2024-02-28,3,Overcast,18.8,8.7,13.2,14.5,2.6,8.3,2024-02-28T08:35,2024-02-28T19:53,40617.02,38733.83,,,0.0,0.0,0.0,0.0,0.0,,,,26.3,43.6,320,16.51,4.46
38.3452,-0.4815,19.0,2024-02-29,0,Clear sky,17.9,8.2,13.3,14.8,3.3,9.6,2024-02-29T08:34,2024-02-29T19:54,40764.62,39006.96,,,0.0,0.0,0.0,0.0,0.0,,,,19.7,36.7,325,17.37,3.79
38.3452,-0.4815,19.0,2024-03-01,0,Clear sky,20.5,10.0,15.0,14.1,3.5,9.2,2024-03-01T08:33,2024-03-01T19:55,40912.85,39069.13,,,0.0,0.0,0.0,0.0,0.0,,,,30.9,50.4,288,17.87,5.7
38.3452,-0.4815,19.0,2024-03-02,3,Overcast,19.1,11.1,14.7,14.1,6.2,10.0,2024-03-02T08:31,2024-03-02T19:56,41061.6,37425.24,,,0.0,0.0,0.0,0.0,0.0,,,,32.6,53.3,235,16.39,4.57
38.3452,-0.4815,19.0,2024-03-03,61,Slight rain,16.8,9.4,13.1,10.7,1.3,6.2,2024-03-03T08:30,2024-03-03T19:57,41210.76,39192.61,,,2.4,2.4,0.0,0.0,2.0,,,,41.8,65.2,283,17.86,5.12
38.3452,-0.4815,19.0,2024-03-04,3,Overcast,21.2,10.3,15.0,16.4,5.7,10.4,2024-03-04T08:28,2024-03-04T19:58,41360.21,30995.58,,,0.0,0.0,0.0,0.0,0.0,,,,32.7,51.1,270,12.07,4.05
38.3452,-0.4815,19.0,2024-03-05,2,Partly cloudy,19.3,11.4,14.6,16.3,5.4,10.7,2024-03-05T08:27,2024-03-05T19:59,41509.86,39358.02,,,0.0,0.0,0.0,0.0,0.0,,,,36.2,54.0,313,18.23,4.03
38.3452,-0.4815,19.0,2024-03-06,3,Overcast,16.7,7.4,12.7,15.2,4.2,10.7,2024-03-06T08:25,2024-03-06T20:00,41659.59,39375.63,,,0.0,0.0,0.0,0.0,0.0,,,,15.4,29.5,59,18.08,2.81
38.3452,-0.4815,19.0,2024-03-07,51,Light drizzle,16.0,9.8,13.3,13.8,6.7,11.1,2024-03-07T08:24,2024-03-07T20:01,41809.29,36000.0,,,0.4,0.4,0.0,0.0,1.0,,,,21.6,37.8,45,17.18,2.72
38.3452,-0.4815,19.0,2024-03-08,61,Slight rain,18.7,10.2,14.2,13.3,5.8,10.5,2024-03-08T08:22,2024-03-08T20:02,41958.87,39496.15,,,4.1,4.1,0.0,0.0,7.0,,,,30.4,50.4,237,16.37,3.69
38.3452,-0.4815,19.0,2024-03-09,55,Dense drizzle,16.7,10.1,13.0,13.2,7.3,9.7,2024-03-09T08:21,2024-03-09T20:03,42108.2,0.0,,,2.6,2.6,0.0,0.0,6.0,,,,31.3,49.7,235,5.35,1.84
38.3452,-0.4815,19.0,2024-03-10,51,Light drizzle,18.5,8.3,12.8,12.6,4.3,8.6,2024-03-10T08:19,2024-03-10T20:04,42257.19,39641.42,,,0.1,0.1,0.0,0.0,1.0,,,,30.6,49.3,253,14.91,3.55
38.3452,-0.4815,19.0,2024-03-11,3,Overcast,19.7,11.0,14.9,13.7,6.0,9.8,2024-03-11T08:18,2024-03-11T20:05,42405.73,40547.52,,,0.0,0.0,0.0,0.0,0.0,,,,34.8,54.7,283,19.02,5.0
38.3452,-0.4815,19.0,2024-03-12,2,Partly cloudy,16.9,8.1,13.0,15.3,4.2,10.3,2024-03-12T08:16,2024-03-12T20:06,42553.72,40795.86,,,0.0,0.0,0.0,0.0,0.0,,,,17.8,28.8,360,19.15,3.48
38.3452,-0.4815,19.0,2024-03-13,3,Overcast,16.6,8.9,13.2,14.9,6.3,11.3,2024-03-13T08:15,2024-03-13T20:07,42701.19,40749.98,,,0.0,0.0,0.0,0.0,0.0,,,,17.1,32.0,63,19.35,2.96
38.3452,-0.4815,19.0,2024-03-14,0,Clear sky,18.9,7.7,13.8,17.6,5.0,12.1,2024-03-14T08:13,2024-03-14T20:08,42849.21,40997.91,,,0.0,0.0,0.0,0.0,0.0,,,,19.7,36.0,202,19.32,3.09
38.3452,-0.4815,19.0,2024-03-15,3,Overcast,23.1,12.2,17.3,21.2,9.9,15.6,2024-03-15T08:12,2024-03-15T20:09,42997.96,38867.84,,,0.0,0.0,0.0,0.0,0.0,,,,19.8,35.3,140,19.49,3.94
38.3452,-0.4815,19.0,2024-03-16,3,Overcast,21.4,13.0,17.3,19.9,10.8,15.7,2024-03-16T08:10,2024-03-16T20:10,43147.35,41492.0,,,0.0,0.0,0.0,0.0,0.0,,,,18.6,35.3,355,19.0,3.7
38.3452,-0.4815,19.0,2024-03-17,3,Overcast,22.3,12.9,17.5,20.9,11.0,16.0,2024-03-17T08:09,2024-03-17T20:11,43297.26,38962.18,,,0.0,0.0,0.0,0.0,0.0,,,,17.7,32.4,218,18.45,3.68
38.3452,-0.4815,19.0,2024-03-18,3,Overcast,19.2,13.5,16.4,17.8,11.0,15.1,2024-03-18T08:07,2024-03-18T20:12,43447.63,35618.38,,,0.0,0.0,0.0,0.0,0.0,,,,19.0,34.6,66,18.23,3.18
38.3452,-0.4815,19.0,2024-03-19,3,Overcast,20.8,12.8,16.5,21.0,11.1,16.0,2024-03-19T08:06,2024-03-19T20:13,43598.34,40176.22,,,0.0,0.0,0.0,0.0,0.0,,,,15.9,31.3,181,19.36,3.19
38.3452,-0.4815,19.0,2024-03-20,3,Overcast,21.9,13.8,18.0,20.0,12.6,16.5,2024-03-20T08:04,2024-03-20T20:13,43749.3,36822.47,,,0.0,0.0,0.0,0.0,0.0,,,,27.0,44.6,71,19.36,3.97
38.3452,-0.4815,19.0,2024-03-21,51,Light drizzle,23.0,15.4,19.5,19.6,14.0,16.8,2024-03-21T08:03,2024-03-21T20:14,43900.42,32400.0,,,0.3,0.3,0.0,0.0,1.0,,,,33.9,50.8,62,16.0,4.49
38.3452,-0.4815,19.0,2024-03-22,3,Overcast,24.0,14.9,18.3,20.8,12.2,16.4,2024-03-22T08:01,2024-03-22T20:15,44051.6,40328.04,,,0.0,0.0,0.0,0.0,0.0,,,,23.2,40.0,79,19.25,4.13
38.3452,-0.4815,19.0,2024-03-23,3,Overcast,20.1,16.4,18.5,17.5,14.2,16.2,2024-03-23T07:59,2024-03-23T20:16,44202.75,32856.89,,,0.0,0.0,0.0,0.0,0.0,,,,25.6,40.0,68,14.98,3.5
38.3452,-0.4815,19.0,2024-03-24,3,Overcast,19.6,11.7,16.3,15.4,9.3,13.1,2024-03-24T07:58,2024-03-24T20:17,44353.77,35826.13,,,0.0,0.0,0.0,0.0,0.0,,,,38.9,60.5,76,15.55,3.41
38.3452,-0.4815,19.0,2024-03-25,61,Slight rain,19.1,14.1,15.5,17.8,10.4,13.7,2024-03-25T07:56,2024-03-25T20:18,44504.58,13582.44,,,6.9,6.9,0.0,0.0,12.0,,,,32.0,49.3,113,10.61,2.34
38.3452,-0.4815,19.0,2024-03-26,55,Dense drizzle,16.8,11.1,14.3,14.5,5.8,10.5,2024-03-26T07:55,2024-03-26T20:19,44655.06,21738.0,,,3.8,3.8,0.0,0.0,8.0,,,,34.9,53.6,262,12.43,3.41
38.3452,-0.4815,19.0,2024-03-27,51,Light drizzle,23.4,9.9,15.9,18.3,5.5,11.1,2024-03-27T07:53,2024-03-27T20:20,44805.13,43200.0,,,0.2,0.2,0.0,0.0,1.0,,,,34.1,52.2,239,19.11,5.26
38.3452,-0.4815,19.0,2024-03-28,51,Light drizzle,21.6,13.8,17.5,19.0,11.5,15.2,2024-03-28T07:52,2024-03-28T20:21,44954.69,41704.79,,,0.4,0.4,0.0,0.0,3.0,,,,29.8,48.2,218,17.38,3.85
38.3452,-0.4815,19.0,2024-03-29,3,Overcast,19.4,13.2,16.5,18.2,10.0,14.9,2024-03-29T07:50,2024-03-29T20:22,45103.64,33358.45,,,0.0,0.0,0.0,0.0,0.0,,,,29.4,48.2,209,19.95,3.71
38.3452,-0.4815,19.0,2024-03-30,51,Light drizzle,19.5,9.6,14.4,15.4,6.3,10.6,2024-03-30T07:49,2024-03-30T20:23,45251.87,24328.23,,,0.3,0.3,0.0,0.0,2.0,,,,39.2,62.6,223,16.28,3.83
38.3452,-0.4815,19.0,2024-03-31,63,Moderate rain,21.4,10.8,14.4,17.4,7.6,11.7,2024-03-31T07:47,2024-03-31T20:24,45399.3,14400.0,,,7.1,7.1,0.0,0.0,9.0,,,,32.7,48.6,250,9.07,2.5
38.3452,-0.4815,19.0,2024-04-01,53,Moderate drizzle,20.5,10.4,15.2,16.3,6.7,11.2,2024-04-01T07:45,2024-04-01T20:25,45545.82,43200.0,,,0.9,0.9,0.0,0.0,3.0,,,,26.6,45.0,253,20.61,4.79
38.3452,-0.4815,19.0,2024-04-02,3,Overcast,18.5,9.6,15.0,16.6,7.0,12.7,2024-04-02T07:44,2024-04-02T20:26,45691.45,43200.0,,,0.0,0.0,0.0,0.0,0.0,,,,17.4,32.4,227,21.19,3.96
38.3452,-0.4815,19.0,2024-04-03,0,Clear sky,23.6,10.5,16.9,22.3,7.6,14.9,2024-04-03T07:43,2024-04-03T20:27,45837.21,43200.0,,,0.0,0.0,0.0,0.0,0.0,,,,26.3,44.3,243,22.76,4.47
38.3452,-0.4815,19.0,2024-04-04,3,Overcast,21.1,12.1,17.1,20.0,10.0,16.1,2024-04-04T07:41,2024-04-04T20:28,45983.25,43200.0,,,0.0,0.0,0.0,0.0,0.0,,,,15.1,30.2,158,23.05,3.96
38.3452,-0.4815,19.0,2024-04-05,3,Overcast,21.2,12.7,17.1,19.9,9.5,15.5,2024-04-05T07:40,2024-04-05T20:29,46129.49,43200.0,,,0.0,0.0,0.0,0.0,0.0,,,,15.3,30.2,104,23.2,4.26
38.3452,-0.4815,19.0,2024-04-06,3,Overcast,22.2,14.2,19.1,21.8,12.4,17.5,2024-04-06T07:38,2024-04-06T20:29,46275.84,40655.72,,,0.0,0.0,0.0,0.0,0.0,,,,22.0,38.5,75,22.49,4.41
38.3452,-0.4815,19.0,2024-04-07,3,Overcast,23.5,18.6,20.8,22.1,16.6,19.2,2024-04-07T07:37,2024-04-07T20:30,46422.2,33140.03,,,0.0,0.0,0.0,0.0,0.0,,,,18.6,34.6,82,16.77,4.34
38.3452,-0.4815,19.0,2024-04-08,3,Overcast,23.7,15.4,19.3,20.8,14.1,18.0,2024-04-08T07:35,2024-04-08T20:31,46568.48,36127.54,,,0.0,0.0,0.0,0.0,0.0,,,,27.4,40.0,185,20.99,4.4
38.3452,-0.4815,19.0,2024-04-09,0,Clear sky,21.4,14.4,17.7,17.1,10.8,14.2,2024-04-09T07:34,2024-04-09T20:32,46714.57,43200.0,,,0.0,0.0,0.0,0.0,0.0,,,,27.9,48.2,258,24.56,5.51
38.3452,-0.4815,19.0,2024-04-10,3,Overcast,20.3,11.3,15.7,17.2,7.4,12.9,2024-04-10T07:32,2024-04-10T20:33,46860.39,43200.0,,,0.0,0.0,0.0,0.0,0.0,,,,36.1,58.7,194,24.15,4.56
38.3452,-0.4815,19.0,2024-04-11,2,Partly cloudy,18.5,12.4,15.4,17.9,9.8,13.9,2024-04-11T07:31,2024-04-11T20:34,47005.83,43200.0,,,0.0,0.0,0.0,0.0,0.0,,,,17.7,30.6,79,23.55,3.83
38.3452,-0.4815,19.0,2024-04-12,0,Clear sky,20.9,10.5,16.4,19.6,6.8,14.3,2024-04-12T07:29,2024-04-12T20:35,47150.8,43200.0,,,0.0,0.0,0.0,0.0,0.0,,,,15.4,32.0,54,24.25,4.55
38.3452,-0.4815,19.0,2024-04-13,0,Clear sky,21.5,13.3,17.6,20.0,10.9,15.8,2024-04-13T07:28,2024-04-13T20:36,47295.18,43415.02,,,0.0,0.0,0.0,0.0,0.0,,,,14.7,30.2,71,24.6,4.62
38.3452,-0.4815,19.0,2024-04-14,0,Clear sky,23.2,14.1,19.0,22.3,11.2,17.2,2024-04-14T07:26,2024-04-14T20:37,47438.89,43388.66,,,0.0,0.0,0.0,0.0,0.0,,,,14.3,29.9,104,24.71,4.89
38.3452,-0.4815,19.0,2024-04-15,3,Overcast,23.2,16.2,19.6,21.5,12.8,17.7,2024-04-15T07:25,2024-04-15T20:38,47581.81,43200.0,,,0.0,0.0,0.0,0.0,0.0,,,,15.1,31.7,140,23.64,4.98
38.3452,-0.4815,19.0,2024-04-16,0,Clear sky,22.4,15.4,18.6,20.8,13.0,17.5,2024-04-16T07:23,2024-04-16T20:39,47723.83,43336.17,,,0.0,0.0,0.0,0.0,0.0,,,,19.2,36.7,77,24.47,4.4
38.3452,-0.4815,19.0,2024-04-17,3,Overcast,18.8,15.2,17.2,16.6,14.1,15.3,2024-04-17T07:22,2024-04-17T20:40,47864.85,43310.01,,,0.0,0.0,0.0,0.0,0.0,,,,29.7,49.0,75,23.59,4.05
38.3452,-0.4815,19.0,2024-04-18,3,Overcast,20.1,13.3,16.8,19.6,11.0,15.5,2024-04-18T07:21,2024-04-18T20:41,48004.74,39872.59,,,0.0,0.0,0.0,0.0,0.0,,,,21.5,38.2,79,21.6,3.87
38.3452,-0.4815,19.0,2024-04-19,53,Moderate drizzle,18.0,14.6,16.2,16.7,11.9,13.9,2024-04-19T07:19,2024-04-19T20:42,48143.42,39926.25,,,1.8,1.8,0.0,0.0,5.0,,,,26.4,38.5,102,21.27,4.0
38.3452,-0.4815,19.0,2024-04-20,3,Overcast,17.9,10.4,14.6,16.1,8.2,12.4,2024-04-20T07:18,2024-04-20T20:43,48280.75,40765.64,,,0.0,0.0,0.0,0.0,0.0,,,,20.7,37.8,47,23.5,4.0
38.3452,-0.4815,19.0,2024-04-21,3,Overcast,19.1,13.7,16.2,18.5,10.2,13.9,2024-04-21T07:16,2024-04-21T20:44,48416.61,43864.14,,,0.0,0.0,0.0,0.0,0.0,,,,19.5,36.0,79,24.51,4.61
38.3452,-0.4815,19.0,2024-04-22,53,Moderate drizzle,17.8,12.1,15.1,16.0,10.3,12.9,2024-04-22T07:15,2024-04-22T20:45,48551.01,37651.22,,,1.4,1.4,0.0,0.0,4.0,,,,26.5,42.5,82,16.84,3.12
38.3452,-0.4815,19.0,2024-04-23,51,Light drizzle,17.1,11.2,14.1,13.2,8.8,11.5,2024-04-23T07:14,2024-04-23T20:45,48684.94,44345.17,,,0.7,0.7,0.0,0.0,4.0,,,,25.7,45.7,85,25.26,4.12
38.3452,-0.4815,19.0,2024-04-24,3,Overcast,16.7,9.2,13.7,14.5,5.9,11.0,2024-04-24T07:13,2024-04-24T20:46,48818.53,44587.76,,,0.0,0.0,0.0,0.0,0.0,,,,23.8,41.8,121,26.28,4.34
38.3452,-0.4815,19.0,2024-04-25,3,Overcast,18.7,10.1,15.1,18.7,6.7,13.7,2024-04-25T07:11,2024-04-25T20:47,48951.69,35404.65,,,0.0,0.0,0.0,0.0,0.0,,,,16.4,32.0,112,22.98,3.79
38.3452,-0.4815,19.0,2024-04-26,3,Overcast,19.4,12.4,16.7,19.0,10.5,15.9,2024-04-26T07:10,2024-04-26T20:48,49084.32,39165.76,,,0.0,0.0,0.0,0.0,0.0,,,,17.7,35.3,103,20.57,3.46
38.3452,-0.4815,19.0,2024-04-27,3,Overcast,22.3,13.8,18.5,20.6,11.9,16.9,2024-04-27T07:09,2024-04-27T20:49,49216.31,43588.87,,,0.0,0.0,0.0,0.0,0.0,,,,31.1,52.9,192,23.13,4.52
38.3452,-0.4815,19.0,2024-04-28,61,Slight rain,19.2,14.8,16.6,18.3,12.5,15.0,2024-04-28T07:08,2024-04-28T20:50,49347.56,23833.21,,,6.0,6.0,0.0,0.0,11.0,,,,15.9,29.2,214,14.98,3.14
38.3452,-0.4815,19.0,2024-04-29,53,Moderate drizzle,15.8,13.1,14.5,15.3,12.1,13.8,2024-04-29T07:06,2024-04-29T20:51,49477.96,3466.81,,,5.7,5.7,0.0,0.0,14.0,,,,16.5,27.4,128,9.91,1.73
38.3452,-0.4815,19.0,2024-04-30,53,Moderate drizzle,21.5,10.7,15.9,21.7,8.2,14.5,2024-04-30T07:05,2024-04-30T20:52,49607.39,46077.03,,,0.9,0.9,0.0,0.0,2.0,,,,19.5,37.4,295,22.05,3.98
38.3452,-0.4815,19.0,2024-05-01,61,Slight rain,21.0,14.2,17.0,16.3,10.2,12.8,2024-05-01T07:04,2024-05-01T20:53,49735.75,33229.81,,,2.2,2.2,0.0,0.0,4.0,,,,29.8,50.8,268,16.36,4.83
38.3452,-0.4815,19.0,2024-05-02,3,Overcast,21.8,11.0,15.6,19.1,6.8,11.9,2024-05-02T07:03,2024-05-02T20:54,49862.92,44501.71,,,0.0,0.0,0.0,0.0,0.0,,,,34.9,55.1,241,26.47,5.36
38.3452,-0.4815,19.0,2024-05-03,3,Overcast,20.5,9.7,16.1,19.1,6.2,14.0,2024-05-03T07:02,2024-05-03T20:55,49988.77,44378.01,,,0.0,0.0,0.0,0.0,0.0,,,,18.6,35.6,270,26.6,4.94
38.3452,-0.4815,19.0,2024-05-04,3,Overcast,24.5,12.7,18.8,22.2,10.4,17.2,2024-05-04T07:01,2024-05-04T20:56,50113.19,47723.16,,,0.0,0.0,0.0,0.0,0.0,,,,25.1,42.8,202,26.68,5.2
38.3452,-0.4815,19.0,2024-05-05,3,Overcast,24.2,14.0,19.8,23.6,11.7,19.1,2024-05-05T06:59,2024-05-05T20:57,50236.07,44895.81,,,0.0,0.0,0.0,0.0,0.0,,,,16.6,32.0,173,25.39,4.94
38.3452,-0.4815,19.0,2024-05-06,3,Overcast,24.2,18.3,21.1,23.4,16.0,20.3,2024-05-06T06:58,2024-05-06T20:58,50357.27,12841.75,,,0.0,0.0,0.0,0.0,0.0,,,,15.2,32.4,326,12.15,3.45
38.3452,-0.4815,19.0,2024-05-07,1,Mainly clear,20.6,14.7,18.3,20.0,14.3,17.5,2024-05-07T06:57,2024-05-07T20:59,50476.67,48210.0,,,0.0,0.0,0.0,0.0,0.0,,,,20.3,38.2,85,24.58,4.27
38.3452,-0.4815,19.0,2024-05-08,2,Partly cloudy,21.2,13.3,17.6,19.9,11.5,16.8,2024-05-08T06:56,2024-05-08T21:00,50594.13,48789.85,,,0.0,0.0,0.0,0.0,0.0,,,,19.9,37.1,105,26.96,4.62
38.3452,-0.4815,19.0,2024-05-09,3,Overcast,22.7,14.2,18.8,21.6,11.7,17.3,2024-05-09T06:55,2024-05-09T21:01,50709.53,48127.05,,,0.0,0.0,0.0,0.0,0.0,,,,19.4,36.4,189,26.52,5.12
38.3452,-0.4815,19.0,2024-05-10,3,Overcast,22.5,15.4,19.1,21.0,12.5,17.1,2024-05-10T06:54,2024-05-10T21:01,50822.72,47745.46,,,0.0,0.0,0.0,0.0,0.0,,,,17.2,33.8,74,26.87,5.55
38.3452,-0.4815,19.0,2024-05-11,3,Overcast,21.4,15.7,18.8,21.1,13.8,18.0,2024-05-11T06:53,2024-05-11T21:02,50933.58,45723.72,,,0.0,0.0,0.0,0.0,0.0,,,,17.6,33.8,89,24.36,4.47
38.3452,-0.4815,19.0,2024-05-12,3,Overcast,22.2,16.8,19.4,21.7,16.0,19.1,2024-05-12T06:52,2024-05-12T21:03,51042.08,49275.35,,,0.0,0.0,0.0,0.0,0.0,,,,21.1,38.2,78,26.53,4.69
38.3452,-0.4815,19.0,2024-05-13,3,Overcast,23.4,16.8,19.8,23.0,16.7,19.5,2024-05-13T06:51,2024-05-13T21:04,51149.08,43315.73,,,0.0,0.0,0.0,0.0,0.0,,,,19.3,37.8,168,25.21,4.73
38.3452,-0.4815,19.0,2024-05-14,3,Overcast,30.8,16.2,22.0,28.9,15.9,21.2,2024-05-14T06:51,2024-05-14T21:05,51254.7,45835.74,,,0.0,0.0,0.0,0.0,0.0,,,,28.6,51.1,220,25.73,5.89
38.3452,-0.4815,19.0,2024-05-15,3,Overcast,26.6,17.6,21.2,23.8,13.6,18.1,2024-05-15T06:50,2024-05-15T21:06,51358.84,48946.94,,,0.0,0.0,0.0,0.0,0.0,,,,32.4,54.0,273,27.19,7.02
38.3452,-0.4815,19.0,2024-05-16,2,Partly cloudy,25.9,16.2,19.9,23.4,11.8,17.2,2024-05-16T06:49,2024-05-16T21:07,51461.4,49044.8,,,0.0,0.0,0.0,0.0,0.0,,,,38.9,62.6,249,27.63,6.27
38.3452,-0.4815,19.0,2024-05-17,1,Mainly clear,23.7,14.9,19.5,22.3,12.0,18.2,2024-05-17T06:48,2024-05-17T21:08,51562.28,49876.15,,,0.0,0.0,0.0,0.0,0.0,,,,23.8,42.1,129,26.97,5.41
38.3452,-0.4815,19.0,2024-05-18,1,Mainly clear,23.0,15.6,19.4,23.5,15.1,19.9,2024-05-18T06:47,2024-05-18T21:09,51661.38,49660.61,,,0.0,0.0,0.0,0.0,0.0,,,,21.2,38.5,142,26.68,4.53
38.3452,-0.4815,19.0,2024-05-19,53,Moderate drizzle,21.4,17.2,19.2,22.1,17.9,19.4,2024-05-19T06:47,2024-05-19T21:09,51758.58,46646.64,,,1.8,1.8,0.0,0.0,11.0,,,,18.4,36.0,106,21.48,3.74
38.3452,-0.4815,19.0,2024-05-20,61,Slight rain,24.1,16.5,19.7,23.7,16.8,19.9,2024-05-20T06:46,2024-05-20T21:10,51853.79,48250.11,,,3.0,3.0,0.0,0.0,2.0,,,,23.8,40.3,100,23.71,4.24
38.3452,-0.4815,19.0,2024-05-21,3,Overcast,23.3,15.0,20.0,23.9,14.0,19.9,2024-05-21T06:45,2024-05-21T21:11,51946.89,50400.0,,,0.0,0.0,0.0,0.0,0.0,,,,23.8,43.6,136,25.28,4.7
38.3452,-0.4815,19.0,2024-05-22,2,Partly cloudy,23.2,16.3,20.0,23.0,15.1,19.3,2024-05-22T06:44,2024-05-22T21:12,52037.76,50311.31,,,0.0,0.0,0.0,0.0,0.0,,,,26.9,45.4,136,26.78,5.03
38.3452,-0.4815,19.0,2024-05-23,3,Overcast,23.2,16.4,20.0,23.2,15.5,19.4,2024-05-23T06:44,2024-05-23T21:13,52126.3,48250.24,,,0.0,0.0,0.0,0.0,0.0,,,,22.7,38.2,76,22.18,4.28
38.3452,-0.4815,19.0,2024-05-24,3,Overcast,23.8,15.4,20.6,22.5,13.5,19.2,2024-05-24T06:43,2024-05-24T21:14,52212.4,48892.19,,,0.0,0.0,0.0,0.0,0.0,,,,34.6,55.8,85,27.51,5.41
38.3452,-0.4815,19.0,2024-05-25,1,Mainly clear,23.9,16.1,20.4,23.8,15.6,20.7,2024-05-25T06:43,2024-05-25T21:14,52295.95,50400.0,,,0.0,0.0,0.0,0.0,0.0,,,,21.4,38.9,179,27.95,5.03
38.3452,-0.4815,19.0,2024-05-26,2,Partly cloudy,24.2,17.7,21.1,25.4,19.4,22.4,2024-05-26T06:42,2024-05-26T21:15,52376.82,50400.0,,,0.0,0.0,0.0,0.0,0.0,,,,19.4,36.0,156,27.61,4.9
38.3452,-0.4815,19.0,2024-05-27,3,Overcast,24.7,19.0,22.2,26.3,20.6,23.1,2024-05-27T06:42,2024-05-27T21:16,52454.9,50400.0,,,0.0,0.0,0.0,0.0,0.0,,,,19.5,35.3,107,26.04,4.9
38.3452,-0.4815,19.0,2024-05-28,3,Overcast,23.9,19.2,21.6,23.0,20.6,21.9,2024-05-28T06:41,2024-05-28T21:17,52530.07,50327.69,,,0.0,0.0,0.0,0.0,0.0,,,,29.9,50.4,93,27.26,5.05
38.3452,-0.4815,19.0,2024-05-29,1,Mainly clear,24.4,17.4,21.4,25.2,16.4,21.6,2024-05-29T06:41,2024-05-29T21:17,52602.22,50400.0,,,0.0,0.0,0.0,0.0,0.0,,,,16.4,33.5,166,28.04,5.3
38.3452,-0.4815,19.0,2024-05-30,2,Partly cloudy,26.2,18.6,22.8,26.7,18.4,23.0,2024-05-30T06:40,2024-05-30T21:18,52671.22,50400.0,,,0.0,0.0,0.0,0.0,0.0,,,,16.5,32.8,128,28.0,5.6
38.3452,-0.4815,19.0,2024-05-31,3,Overcast,24.1,20.4,21.9,22.1,19.0,20.7,2024-05-31T06:40,2024-05-31T21:19,52736.96,46970.43,,,0.0,0.0,0.0,0.0,0.0,,,,37.1,60.1,77,26.76,5.44
38.3452,-0.4815,19.0,2024-06-01,51,Light drizzle,23.4,19.5,21.2,22.7,18.5,20.0,2024-06-01T06:39,2024-06-01T21:19,52799.4,46905.64,,,0.8,0.8,0.0,0.0,4.0,,,,24.4,42.1,77,24.46,5.26
38.3452,-0.4815,19.0,2024-06-02,1,Mainly clear,23.5,18.5,20.9,23.2,17.8,20.2,2024-06-02T06:39,2024-06-02T21:20,52859.04,50400.0,,,0.0,0.0,0.0,0.0,0.0,,,,20.6,37.8,73,27.77,5.47
38.3452,-0.4815,19.0,2024-06-03,3,Overcast,23.4,17.7,21.0,23.9,16.0,20.4,2024-06-03T06:39,2024-06-03T21:21,52915.98,50400.0,,,0.0,0.0,0.0,0.0,0.0,,,,15.1,31.0,72,27.84,5.52
38.3452,-0.4815,19.0,2024-06-04,53,Moderate drizzle,24.4,18.4,21.6,24.6,16.8,21.2,2024-06-04T06:38,2024-06-04T21:21,52970.17,49223.74,,,1.1,1.1,0.0,0.0,3.0,,,,18.6,34.2,157,27.74,5.56
38.3452,-0.4815,19.0,2024-06-05,3,Overcast,25.8,18.5,22.6,26.1,18.9,23.3,2024-06-05T06:38,2024-06-05T21:22,53021.54,50400.0,,,0.0,0.0,0.0,0.0,0.0,,,,18.6,37.1,145,28.36,5.52
38.3452,-0.4815,19.0,2024-06-06,3,Overcast,26.9,19.8,24.2,27.1,19.6,23.9,2024-06-06T06:38,2024-06-06T21:22,53070.05,46159.78,,,0.0,0.0,0.0,0.0,0.0,,,,23.1,40.0,80,24.7,6.01
38.3452,-0.4815,19.0,2024-06-07,51,Light drizzle,30.3,24.3,27.4,28.3,20.7,24.6,2024-06-07T06:38,2024-06-07T21:23,53115.65,46800.0,,,0.3,0.3,0.0,0.0,1.0,,,,34.0,55.1,69,28.06,9.19
38.3452,-0.4815,19.0,2024-06-08,3,Overcast,27.7,21.8,24.9,28.7,21.2,24.7,2024-06-08T06:38,2024-06-08T21:24,53158.29,46800.0,,,0.0,0.0,0.0,0.0,0.0,,,,22.7,40.7,224,25.58,5.97
38.3452,-0.4815,19.0,2024-06-09,3,Overcast,29.8,19.7,24.7,29.0,18.0,23.3,2024-06-09T06:37,2024-06-09T21:24,53197.92,46295.23,,,0.0,0.0,0.0,0.0,0.0,,,,28.0,44.3,234,25.85,7.12
38.3452,-0.4815,19.0,2024-06-10,2,Partly cloudy,25.8,19.9,22.4,25.5,21.2,23.3,2024-06-10T06:37,2024-06-10T21:25,53234.48,50251.09,,,0.0,0.0,0.0,0.0,0.0,,,,31.7,54.7,94,25.79,4.49
38.3452,-0.4815,19.0,2024-06-11,61,Slight rain,24.1,19.7,21.3,26.2,20.6,22.5,2024-06-11T06:37,2024-06-11T21:25,53267.92,31150.07,,,5.5,5.5,0.0,0.0,7.0,,,,19.5,35.3,90,19.3,3.76
38.3452,-0.4815,19.0,2024-06-12,3,Overcast,23.0,19.7,21.1,24.3,20.8,22.3,2024-06-12T06:37,2024-06-12T21:26,53298.22,46302.37,,,0.0,0.0,0.0,0.0,0.0,,,,16.6,30.6,103,21.98,4.03
38.3452,-0.4815,19.0,2024-06-13,51,Light drizzle,23.8,17.0,20.7,24.9,17.5,21.6,2024-06-13T06:37,2024-06-13T21:26,53325.3,48885.32,,,0.3,0.3,0.0,0.0,3.0,,,,19.1,34.6,147,24.22,4.3
38.3452,-0.4815,19.0,2024-06-14,3,Overcast,29.0,18.1,23.5,29.6,18.5,24.4,2024-06-14T06:37,2024-06-14T21:26,53349.14,50400.0,,,0.0,0.0,0.0,0.0,0.0,,,,14.1,29.5,178,27.24,5.72
38.3452,-0.4815,19.0,2024-06-15,51,Light drizzle,32.5,21.1,25.7,32.8,18.3,25.2,2024-06-15T06:37,2024-06-15T21:27,53369.69,50400.0,,,0.1,0.1,0.0,0.0,1.0,,,,19.7,37.4,180,26.52,6.97
38.3452,-0.4815,19.0,2024-06-16,1,Mainly clear,27.0,20.5,23.4,27.7,22.0,24.9,2024-06-16T06:37,2024-06-16T21:27,53386.9,50400.0,,,0.0,0.0,0.0,0.0,0.0,,,,21.0,38.2,121,28.48,5.41
38.3452,-0.4815,19.0,2024-06-17,0,Clear sky,25.5,19.8,23.0,28.4,21.7,25.0,2024-06-17T06:38,2024-06-17T21:28,53400.74,50400.0,,,0.0,0.0,0.0,0.0,0.0,,,,17.1,32.8,140,28.88,5.24
38.3452,-0.4815,19.0,2024-06-18,51,Light drizzle,26.4,20.1,23.3,27.9,18.9,24.6,2024-06-18T06:38,2024-06-18T21:28,53411.16,50400.0,,,0.1,0.1,0.0,0.0,1.0,,,,20.9,38.5,162,28.38,5.48
38.3452,-0.4815,19.0,2024-06-19,3,Overcast,27.3,21.5,24.2,28.0,21.8,25.0,2024-06-19T06:38,2024-06-19T21:28,53418.12,48400.47,,,0.0,0.0,0.0,0.0,0.0,,,,21.8,38.9,116,25.52,5.5
38.3452,-0.4815,19.0,2024-06-20,61,Slight rain,28.2,21.3,24.3,27.1,17.9,23.3,2024-06-20T06:38,2024-06-20T21:28,53421.61,50400.0,,,2.0,2.0,0.0,0.0,2.0,,,,27.3,52.2,202,28.45,6.68
38.3452,-0.4815,19.0,2024-06-21,0,Clear sky,27.5,20.5,24.4,27.4,18.6,23.5,2024-06-21T06:38,2024-06-21T21:29,53421.55,50400.0,,,0.0,0.0,0.0,0.0,0.0,,,,27.2,46.1,103,28.68,6.54
38.3452,-0.4815,19.0,2024-06-22,3,Overcast,27.8,20.2,24.0,27.8,19.0,24.0,2024-06-22T06:38,2024-06-22T21:29,53417.93,50400.0,,,0.0,0.0,0.0,0.0,0.0,,,,19.5,37.1,166,28.36,6.05
38.3452,-0.4815,19.0,2024-06-23,3,Overcast,26.4,21.3,24.2,28.5,22.7,25.1,2024-06-23T06:39,2024-06-23T21:29,53410.78,50147.3,,,0.0,0.0,0.0,0.0,0.0,,,,20.9,38.2,107,27.04,5.45
38.3452,-0.4815,19.0,2024-06-24,51,Light drizzle,25.2,21.6,23.5,26.6,23.3,24.6,2024-06-24T06:39,2024-06-24T21:29,53400.13,50179.05,,,0.5,0.5,0.0,0.0,3.0,,,,16.4,33.5,95,24.93,4.94
38.3452,-0.4815,19.0,2024-06-25,2,Partly cloudy,26.3,20.9,23.6,27.8,21.3,24.6,2024-06-25T06:39,2024-06-25T21:29,53386.04,50400.0,,,0.0,0.0,0.0,0.0,0.0,,,,16.8,34.2,113,28.12,5.56
38.3452,-0.4815,19.0,2024-06-26,3,Overcast,28.5,22.2,25.3,26.9,21.9,24.3,2024-06-26T06:40,2024-06-26T21:29,53368.55,47907.49,,,0.0,0.0,0.0,0.0,0.0,,,,34.8,56.2,73,26.86,6.88
38.3452,-0.4815,19.0,2024-06-27,3,Overcast,29.8,20.9,25.2,27.5,19.8,24.7,2024-06-27T06:40,2024-06-27T21:29,53347.72,50377.51,,,0.0,0.0,0.0,0.0,0.0,,,,42.1,68.4,93,28.2,6.27
38.3452,-0.4815,19.0,2024-06-28,3,Overcast,27.4,22.0,24.7,29.5,24.9,27.0,2024-06-28T06:40,2024-06-28T21:29,53323.58,50400.0,,,0.0,0.0,0.0,0.0,0.0,,,,20.5,37.8,156,25.83,5.03
38.3452,-0.4815,19.0,2024-06-29,3,Overcast,29.7,22.4,25.6,28.7,20.5,25.1,2024-06-29T06:41,2024-06-29T21:29,53296.2,50400.0,,,0.0,0.0,0.0,0.0,0.0,,,,35.3,59.8,223,27.0,6.79
38.3452,-0.4815,19.0,2024-06-30,0,Clear sky,28.6,21.9,25.1,30.5,23.4,26.9,2024-06-30T06:41,2024-06-30T21:29,53265.62,50400.0,,,0.0,0.0,0.0,0.0,0.0,,,,18.3,34.9,102,28.17,5.73
38.3452,-0.4815,19.0,2024-07-01,51,Light drizzle,27.5,21.7,24.0,29.3,24.9,26.3,2024-07-01T06:42,2024-07-01T21:29,53231.89,49585.31,,,0.3,0.3,0.0,0.0,2.0,,,,16.3,30.2,123,23.34,4.62
38.3452,-0.4815,19.0,2024-07-02,0,Clear sky,26.5,20.9,24.2,29.0,22.4,26.2,2024-07-02T06:42,2024-07-02T21:29,53195.09,50400.0,,,0.0,0.0,0.0,0.0,0.0,,,,16.8,32.4,146,27.67,5.35
38.3452,-0.4815,19.0,2024-07-03,1,Mainly clear,27.0,21.8,24.6,30.1,23.7,27.2,2024-07-03T06:43,2024-07-03T21:29,53155.25,50400.0,,,0.0,0.0,0.0,0.0,0.0,,,,13.4,29.5,142,28.23,5.45
38.3452,-0.4815,19.0,2024-07-04,0,Clear sky,29.4,21.9,25.8,30.7,23.1,27.5,2024-07-04T06:43,2024-07-04T21:29,53112.44,50400.0,,,0.0,0.0,0.0,0.0,0.0,,,,19.2,35.6,108,28.66,6.2
38.3452,-0.4815,19.0,2024-07-05,1,Mainly clear,28.5,22.9,25.9,28.1,21.3,25.3,2024-07-05T06:44,2024-07-05T21:28,53066.7,50400.0,,,0.0,0.0,0.0,0.0,0.0,,,,28.6,51.1,74,28.44,7.11
38.3452,-0.4815,19.0,2024-07-06,2,Partly cloudy,28.3,22.2,24.9,29.4,22.8,26.9,2024-07-06T06:45,2024-07-06T21:28,53018.11,50400.0,,,0.0,0.0,0.0,0.0,0.0,,,,26.0,45.4,168,27.72,5.54
38.3452,-0.4815,19.0,2024-07-07,51,Light drizzle,27.6,22.5,25.1,28.6,25.8,27.1,2024-07-07T06:45,2024-07-07T21:28,52966.72,49551.99,,,0.3,0.3,0.0,0.0,3.0,,,,27.4,46.4,92,26.58,5.28
38.3452,-0.4815,19.0,2024-07-08,51,Light drizzle,27.0,22.6,24.7,29.5,25.4,27.1,2024-07-08T06:46,2024-07-08T21:28,52912.58,49255.81,,,0.2,0.2,0.0,0.0,2.0,,,,18.0,34.6,102,27.04,5.15
38.3452,-0.4815,19.0,2024-07-09,2,Partly cloudy,26.7,21.7,24.4,30.3,23.6,26.9,2024-07-09T06:46,2024-07-09T21:27,52855.77,49318.11,,,0.0,0.0,0.0,0.0,0.0,,,,16.3,33.1,130,27.63,5.23
38.3452,-0.4815,19.0,2024-07-10,0,Clear sky,28.9,22.2,25.8,32.4,24.3,28.4,2024-07-10T06:47,2024-07-10T21:27,52796.32,50400.0,,,0.0,0.0,0.0,0.0,0.0,,,,20.2,37.1,178,27.97,5.75
38.3452,-0.4815,19.0,2024-07-11,0,Clear sky,28.6,22.4,25.7,31.8,25.8,28.9,2024-07-11T06:48,2024-07-11T21:26,52734.24,50400.0,,,0.0,0.0,0.0,0.0,0.0,,,,16.4,32.8,168,28.12,5.56
38.3452,-0.4815,19.0,2024-07-12,0,Clear sky,29.4,22.7,25.8,33.6,25.5,28.9,2024-07-12T06:48,2024-07-12T21:26,52668.95,50400.0,,,0.0,0.0,0.0,0.0,0.0,,,,20.2,36.4,100,27.13,5.37
38.3452,-0.4815,19.0,2024-07-13,53,Moderate drizzle,27.5,24.7,25.9,30.4,26.3,28.3,2024-07-13T06:49,2024-07-13T21:26,52600.4,46238.75,,,3.9,3.9,0.0,0.0,10.0,,,,23.0,39.2,86,21.38,4.54
38.3452,-0.4815,19.0,2024-07-14,3,Overcast,28.6,23.3,26.1,31.9,26.6,29.3,2024-07-14T06:50,2024-07-14T21:25,52528.74,49959.78,,,0.0,0.0,0.0,0.0,0.0,,,,21.6,38.5,170,26.54,5.25
38.3452,-0.4815,19.0,2024-07-15,1,Mainly clear,31.0,22.2,26.8,34.2,26.1,30.4,2024-07-15T06:50,2024-07-15T21:25,52454.06,50400.0,,,0.0,0.0,0.0,0.0,0.0,,,,20.8,38.5,158,28.0,5.88
38.3452,-0.4815,19.0,2024-07-16,1,Mainly clear,31.1,23.0,26.6,33.7,23.7,29.5,2024-07-16T06:51,2024-07-16T21:24,52376.51,50400.0,,,0.0,0.0,0.0,0.0,0.0,,,,32.4,54.4,93,27.31,5.74
38.3452,-0.4815,19.0,2024-07-17,1,Mainly clear,28.5,23.8,26.3,30.4,27.3,28.9,2024-07-17T06:52,2024-07-17T21:23,52296.19,50400.0,,,0.0,0.0,0.0,0.0,0.0,,,,30.6,51.1,84,26.71,5.5
38.3452,-0.4815,19.0,2024-07-18,3,Overcast,29.6,23.7,26.8,31.9,25.3,28.9,2024-07-18T06:53,2024-07-18T21:23,52213.23,50400.0,,,0.0,0.0,0.0,0.0,0.0,,,,15.5,31.0,93,26.61,5.84
38.3452,-0.4815,19.0,2024-07-19,3,Overcast,30.8,23.9,27.5,35.0,27.5,30.4,2024-07-19T06:53,2024-07-19T21:22,52127.73,50400.0,,,0.0,0.0,0.0,0.0,0.0,,,,14.8,31.0,155,26.67,5.87
38.3452,-0.4815,19.0,2024-07-20,1,Mainly clear,32.4,23.5,27.7,35.3,25.2,30.4,2024-07-20T06:54,2024-07-20T21:21,52039.83,50400.0,,,0.0,0.0,0.0,0.0,0.0,,,,17.1,32.8,184,27.05,6.09
38.3452,-0.4815,19.0,2024-07-21,0,Clear sky,33.8,26.1,28.9,32.7,25.5,29.6,2024-07-21T06:55,2024-07-21T21:21,51949.63,50395.45,,,0.0,0.0,0.0,0.0,0.0,,,,30.3,51.1,100,27.17,7.21
38.3452,-0.4815,19.0,2024-07-22,51,Light drizzle,28.8,24.9,26.9,31.3,27.8,29.1,2024-07-22T06:56,2024-07-22T21:20,51857.25,48532.9,,,0.5,0.5,0.0,0.0,4.0,,,,22.1,34.2,92,24.29,5.54
38.3452,-0.4815,19.0,2024-07-23,0,Clear sky,30.3,24.7,27.1,31.2,27.1,28.9,2024-07-23T06:57,2024-07-23T21:19,51762.8,50141.71,,,0.0,0.0,0.0,0.0,0.0,,,,18.2,34.9,167,27.21,6.0
38.3452,-0.4815,19.0,2024-07-24,0,Clear sky,32.4,23.0,27.8,32.8,23.9,29.3,2024-07-24T06:57,2024-07-24T21:18,51666.4,50156.73,,,0.0,0.0,0.0,0.0,0.0,,,,17.3,33.5,177,27.33,6.43
38.3452,-0.4815,19.0,2024-07-25,3,Overcast,30.3,25.3,27.7,33.0,26.9,30.5,2024-07-25T06:58,2024-07-25T21:18,51568.15,50171.76,,,0.0,0.0,0.0,0.0,0.0,,,,18.9,35.6,103,27.18,5.89
38.3452,-0.4815,19.0,2024-07-26,2,Partly cloudy,30.4,24.0,27.3,31.4,25.6,29.0,2024-07-26T06:59,2024-07-26T21:17,51468.16,49870.48,,,0.0,0.0,0.0,0.0,0.0,,,,25.2,43.9,75,27.22,6.38
38.3452,-0.4815,19.0,2024-07-27,0,Clear sky,29.2,23.6,26.7,32.3,24.6,28.7,2024-07-27T07:00,2024-07-27T21:16,51366.54,49886.28,,,0.0,0.0,0.0,0.0,0.0,,,,23.6,42.1,71,27.05,5.82
38.3452,-0.4815,19.0,2024-07-28,0,Clear sky,32.8,22.9,27.8,33.6,24.8,30.1,2024-07-28T07:01,2024-07-28T21:15,51263.39,49586.83,,,0.0,0.0,0.0,0.0,0.0,,,,35.6,54.7,99,26.76,6.44
38.3452,-0.4815,19.0,2024-07-29,2,Partly cloudy,32.8,25.1,29.1,33.8,26.0,30.5,2024-07-29T07:02,2024-07-29T21:14,51158.82,48974.05,,,0.0,0.0,0.0,0.0,0.0,,,,30.7,50.4,82,24.32,6.38
38.3452,-0.4815,19.0,2024-07-30,3,Overcast,33.6,27.4,30.2,33.6,26.0,30.1,2024-07-30T07:03,2024-07-30T21:13,51052.93,44565.64,,,0.0,0.0,0.0,0.0,0.0,,,,26.3,48.2,76,25.42,7.84
38.3452,-0.4815,19.0,2024-07-31,0,Clear sky,31.9,25.5,28.9,34.8,28.0,31.4,2024-07-31T07:03,2024-07-31T21:12,50945.7,49322.58,,,0.0,0.0,0.0,0.0,0.0,,,,15.0,31.0,130,26.86,6.21
38.3452,-0.4815,19.0,2024-08-01,0,Clear sky,30.5,24.5,27.8,36.2,27.4,32.1,2024-08-01T07:04,2024-08-01T21:11,50836.27,49026.89,,,0.0,0.0,0.0,0.0,0.0,,,,14.3,28.4,118,26.24,5.49
38.3452,-0.4815,19.0,2024-08-02,2,Partly cloudy,31.0,24.4,27.7,34.4,29.4,32.2,2024-08-02T07:05,2024-08-02T21:10,50724.55,47483.96,,,0.0,0.0,0.0,0.0,0.0,,,,20.5,38.9,150,25.55,5.31
38.3452,-0.4815,19.0,2024-08-03,0,Clear sky,30.5,25.4,28.3,34.2,27.1,31.4,2024-08-03T07:06,2024-08-03T21:09,50610.67,48751.24,,,0.0,0.0,0.0,0.0,0.0,,,,18.3,35.6,108,25.58,5.67
38.3452,-0.4815,19.0,2024-08-04,1,Mainly clear,31.1,24.4,27.9,33.8,27.2,31.2,2024-08-04T07:07,2024-08-04T21:08,50494.76,48459.12,,,0.0,0.0,0.0,0.0,0.0,,,,17.7,34.2,142,26.04,5.69
38.3452,-0.4815,19.0,2024-08-05,3,Overcast,31.3,24.6,28.2,33.9,25.9,31.2,2024-08-05T07:08,2024-08-05T21:07,50376.95,48478.71,,,0.0,0.0,0.0,0.0,0.0,,,,17.1,33.1,152,25.46,5.74
38.3452,-0.4815,19.0,2024-08-06,0,Clear sky,32.1,25.8,28.9,34.8,27.3,32.0,2024-08-06T07:09,2024-08-06T21:06,50257.37,48188.78,,,0.0,0.0,0.0,0.0,0.0,,,,16.1,32.8,115,26.1,6.0
38.3452,-0.4815,19.0,2024-08-07,0,Clear sky,33.4,25.9,29.8,33.8,23.8,30.2,2024-08-07T07:09,2024-08-07T21:05,50136.15,48209.3,,,0.0,0.0,0.0,0.0,0.0,,,,35.7,58.0,78,26.12,7.77
38.3452,-0.4815,19.0,2024-08-08,0,Clear sky,33.1,24.5,29.3,35.0,23.3,30.4,2024-08-08T07:10,2024-08-08T21:04,50013.4,48188.46,,,0.0,0.0,0.0,0.0,0.0,,,,27.8,46.8,90,26.13,6.9
38.3452,-0.4815,19.0,2024-08-09,0,Clear sky,32.1,24.6,28.6,34.0,23.8,30.2,2024-08-09T07:11,2024-08-09T21:03,49889.26,47830.75,,,0.0,0.0,0.0,0.0,0.0,,,,27.1,47.2,82,25.96,6.43
38.3452,-0.4815,19.0,2024-08-10,0,Clear sky,33.8,25.2,29.6,33.3,23.9,30.0,2024-08-10T07:12,2024-08-10T21:01,49763.82,47780.46,,,0.0,0.0,0.0,0.0,0.0,,,,30.7,52.6,77,26.05,7.41
38.3452,-0.4815,19.0,2024-08-11,0,Clear sky,32.7,26.1,29.3,33.1,25.5,30.2,2024-08-11T07:13,2024-08-11T21:00,49637.22,47422.58,,,0.0,0.0,0.0,0.0,0.0,,,,28.1,47.2,78,25.78,6.92
38.3452,-0.4815,19.0,2024-08-12,0,Clear sky,31.5,24.9,28.2,34.2,23.9,30.1,2024-08-12T07:14,2024-08-12T20:59,49509.56,47347.23,,,0.0,0.0,0.0,0.0,0.0,,,,20.2,38.2,176,25.43,6.12
38.3452,-0.4815,19.0,2024-08-13,3,Overcast,29.8,24.3,27.1,34.0,27.6,30.8,2024-08-13T07:15,2024-08-13T20:58,49380.96,38976.68,,,0.0,0.0,0.0,0.0,0.0,,,,16.6,32.8,154,23.36,4.87
38.3452,-0.4815,19.0,2024-08-14,63,Moderate rain,28.2,22.9,26.1,32.5,23.9,28.1,2024-08-14T07:16,2024-08-14T20:56,49251.52,29409.48,,,14.2,14.2,0.0,0.0,4.0,,,,22.7,44.6,64,18.17,4.61
38.3452,-0.4815,19.0,2024-08-15,51,Light drizzle,27.7,21.2,24.9,28.9,20.9,26.0,2024-08-15T07:17,2024-08-15T20:55,49121.35,44770.05,,,0.1,0.1,0.0,0.0,1.0,,,,20.6,36.0,37,22.85,5.11
38.3452,-0.4815,19.0,2024-08-16,1,Mainly clear,29.2,21.4,25.7,31.9,22.3,27.3,2024-08-16T07:17,2024-08-16T20:54,48990.56,45735.09,,,0.0,0.0,0.0,0.0,0.0,,,,17.9,33.5,83,24.03,5.37
38.3452,-0.4815,19.0,2024-08-17,2,Partly cloudy,31.1,22.6,27.1,31.9,23.6,28.7,2024-08-17T07:18,2024-08-17T20:52,48859.24,45488.96,,,0.0,0.0,0.0,0.0,0.0,,,,23.3,40.0,203,24.85,5.9
38.3452,-0.4815,19.0,2024-08-18,2,Partly cloudy,30.1,24.0,27.3,33.5,26.3,30.3,2024-08-18T07:19,2024-08-18T20:51,48727.51,44941.67,,,0.0,0.0,0.0,0.0,0.0,,,,15.1,31.3,123,24.16,5.21
38.3452,-0.4815,19.0,2024-08-19,1,Mainly clear,30.2,25.5,28.1,34.5,26.4,31.1,2024-08-19T07:20,2024-08-19T20:50,48595.46,44698.81,,,0.0,0.0,0.0,0.0,0.0,,,,22.7,40.0,93,23.81,5.32
38.3452,-0.4815,19.0,2024-08-20,2,Partly cloudy,30.6,25.0,27.6,33.4,28.3,31.3,2024-08-20T07:21,2024-08-20T20:48,48463.05,43679.74,,,0.0,0.0,0.0,0.0,0.0,,,,18.3,34.6,153,23.57,5.05
38.3452,-0.4815,19.0,2024-08-21,51,Light drizzle,29.6,25.5,27.4,32.3,29.2,30.6,2024-08-21T07:22,2024-08-21T20:47,48329.35,43200.0,,,0.1,0.1,0.0,0.0,1.0,,,,20.7,37.1,97,21.1,4.71
38.3452,-0.4815,19.0,2024-08-22,3,Overcast,32.0,25.2,27.7,33.7,27.5,30.5,2024-08-22T07:23,2024-08-22T20:46,48194.24,29272.6,,,0.0,0.0,0.0,0.0,0.0,,,,18.4,40.7,184,17.54,4.29
38.3452,-0.4815,19.0,2024-08-23,3,Overcast,29.4,24.5,27.2,33.9,28.6,31.2,2024-08-23T07:24,2024-08-23T20:44,48057.81,44094.54,,,0.0,0.0,0.0,0.0,0.0,,,,16.7,32.4,116,23.28,4.78
38.3452,-0.4815,19.0,2024-08-24,1,Mainly clear,29.6,24.4,27.1,33.2,27.1,30.3,2024-08-24T07:24,2024-08-24T20:43,47920.19,43535.88,,,0.0,0.0,0.0,0.0,0.0,,,,20.5,37.8,78,23.26,5.02
38.3452,-0.4815,19.0,2024-08-25,3,Overcast,32.4,25.1,28.0,33.3,28.8,30.7,2024-08-25T07:25,2024-08-25T20:41,47781.48,39080.86,,,0.0,0.0,0.0,0.0,0.0,,,,31.8,51.1,83,18.86,4.92
38.3452,-0.4815,19.0,2024-08-26,3,Overcast,28.7,24.8,27.0,30.6,27.3,29.1,2024-08-26T07:26,2024-08-26T20:40,47641.79,42966.1,,,0.0,0.0,0.0,0.0,0.0,,,,25.4,44.3,79,19.7,4.76
38.3452,-0.4815,19.0,2024-08-27,3,Overcast,29.0,23.7,26.5,31.8,26.7,29.2,2024-08-27T07:27,2024-08-27T20:39,47501.23,42799.62,,,0.0,0.0,0.0,0.0,0.0,,,,19.0,35.6,130,22.38,4.82
38.3452,-0.4815,19.0,2024-08-28,3,Overcast,29.1,24.1,26.7,31.8,26.6,29.7,2024-08-28T07:28,2024-08-28T20:37,47359.88,43200.0,,,0.0,0.0,0.0,0.0,0.0,,,,19.2,35.6,88,23.02,4.9
38.3452,-0.4815,19.0,2024-08-29,3,Overcast,28.5,24.3,26.5,30.7,25.8,28.5,2024-08-29T07:29,2024-08-29T20:36,47217.86,28872.03,,,0.0,0.0,0.0,0.0,0.0,,,,27.0,47.5,72,18.75,4.59
38.3452,-0.4815,19.0,2024-08-30,51,Light drizzle,28.9,24.2,26.8,30.5,26.4,28.6,2024-08-30T07:30,2024-08-30T20:34,47075.27,38044.01,,,0.5,0.5,0.0,0.0,2.0,,,,32.8,52.9,75,17.29,4.44
38.3452,-0.4815,19.0,2024-08-31,63,Moderate rain,29.0,24.2,27.0,30.1,25.8,28.4,2024-08-31T07:31,2024-08-31T20:33,46932.2,42067.85,,,3.7,3.7,0.0,0.0,1.0,,,,33.1,56.5,71,20.78,5.17
38.3452,-0.4815,19.0,2024-09-01,3,Overcast,29.8,23.5,26.6,32.6,24.7,29.3,2024-09-01T07:31,2024-09-01T20:31,46788.74,43200.0,,,0.0,0.0,0.0,0.0,0.0,,,,16.1,34.9,106,20.87,4.55
38.3452,-0.4815,19.0,2024-09-02,51,Light drizzle,28.6,24.7,26.4,31.6,28.2,29.7,2024-09-02T07:32,2024-09-02T20:30,46645.0,43200.0,,,0.6,0.6,0.0,0.0,3.0,,,,18.1,37.4,129,16.57,3.58
38.3452,-0.4815,19.0,2024-09-03,65,Heavy rain,27.8,22.3,25.1,31.9,23.1,28.1,2024-09-03T07:33,2024-09-03T20:28,46501.06,34068.08,,,29.1,29.1,0.0,0.0,3.0,,,,30.3,46.1,75,15.66,3.29
38.3452,-0.4815,19.0,2024-09-04,53,Moderate drizzle,26.8,22.6,24.7,28.0,23.9,25.7,2024-09-04T07:34,2024-09-04T20:26,46357.02,42149.68,,,1.6,1.6,0.0,0.0,5.0,,,,27.2,54.7,67,18.68,4.34
38.3452,-0.4815,19.0,2024-09-05,51,Light drizzle,26.9,21.0,24.1,27.7,21.9,25.5,2024-09-05T07:35,2024-09-05T20:25,46212.97,41997.78,,,0.5,0.5,0.0,0.0,3.0,,,,17.6,32.0,95,18.11,4.02
38.3452,-0.4815,19.0,2024-09-06,2,Partly cloudy,28.6,21.8,25.3,30.7,22.9,27.4,2024-09-06T07:36,2024-09-06T20:23,46068.99,43200.0,,,0.0,0.0,0.0,0.0,0.0,,,,21.6,38.2,183,21.75,4.65
38.3452,-0.4815,19.0,2024-09-07,3,Overcast,28.3,21.1,25.3,31.1,22.5,27.6,2024-09-07T07:37,2024-09-07T20:22,45925.17,35232.57,,,0.0,0.0,0.0,0.0,0.0,,,,18.0,33.8,74,17.66,3.85
38.3452,-0.4815,19.0,2024-09-08,55,Dense drizzle,28.8,23.8,26.3,31.3,26.1,28.6,2024-09-08T07:38,2024-09-08T20:20,45781.6,37862.39,,,2.3,2.3,0.0,0.0,4.0,,,,20.5,46.8,222,17.47,4.13
38.3452,-0.4815,19.0,2024-09-09,0,Clear sky,27.9,20.4,25.2,29.5,20.9,25.9,2024-09-09T07:38,2024-09-09T20:19,45638.25,43200.0,,,0.0,0.0,0.0,0.0,0.0,,,,19.2,41.4,197,21.74,5.21
38.3452,-0.4815,19.0,2024-09-10,1,Mainly clear,28.0,22.0,24.9,31.1,23.1,27.0,2024-09-10T07:39,2024-09-10T20:17,45494.16,43200.0,,,0.0,0.0,0.0,0.0,0.0,,,,16.2,30.2,68,20.74,4.43
38.3452,-0.4815,19.0,2024-09-11,51,Light drizzle,27.5,21.8,25.0,30.4,22.9,27.0,2024-09-11T07:40,2024-09-11T20:16,45349.18,43105.79,,,0.7,0.7,0.0,0.0,3.0,,,,16.9,30.2,89,18.76,4.17
38.3452,-0.4815,19.0,2024-09-12,3,Overcast,28.7,20.4,25.0,30.3,21.2,26.5,2024-09-12T07:41,2024-09-12T20:14,45203.42,43200.0,,,0.0,0.0,0.0,0.0,0.0,,,,29.4,43.2,71,20.18,4.63
38.3452,-0.4815,19.0,2024-09-13,3,Overcast,25.3,22.0,23.8,24.4,19.2,21.1,2024-09-13T07:42,2024-09-13T20:13,45056.96,38681.41,,,0.0,0.0,0.0,0.0,0.0,,,,38.5,59.0,67,16.28,5.7
38.3452,-0.4815,19.0,2024-09-14,3,Overcast,25.2,20.6,22.9,24.1,18.5,21.4,2024-09-14T07:43,2024-09-14T20:11,44909.9,38694.23,,,0.0,0.0,0.0,0.0,0.0,,,,23.3,35.6,70,17.91,5.13
38.3452,-0.4815,19.0,2024-09-15,0,Clear sky,26.3,17.5,22.3,26.1,16.5,22.1,2024-09-15T07:44,2024-09-15T20:09,44762.33,43200.0,,,0.0,0.0,0.0,0.0,0.0,,,,21.1,39.2,218,20.89,4.65
38.3452,-0.4815,19.0,2024-09-16,3,Overcast,26.0,19.2,22.9,27.8,19.3,23.8,2024-09-16T07:44,2024-09-16T20:08,44614.35,42751.6,,,0.0,0.0,0.0,0.0,0.0,,,,14.3,29.2,80,20.7,4.24
38.3452,-0.4815,19.0,2024-09-17,3,Overcast,25.8,19.4,22.9,25.8,18.3,22.9,2024-09-17T07:45,2024-09-17T20:06,44466.03,42196.02,,,0.0,0.0,0.0,0.0,0.0,,,,19.4,36.0,73,18.29,4.39
38.3452,-0.4815,19.0,2024-09-18,51,Light drizzle,24.8,20.5,22.8,24.0,20.3,22.4,2024-09-18T07:46,2024-09-18T20:05,44317.48,43200.0,,,1.2,1.2,0.0,0.0,7.0,,,,26.2,43.9,63,15.81,3.97
38.3452,-0.4815,19.0,2024-09-19,63,Moderate rain,24.4,20.2,22.0,23.6,20.7,22.0,2024-09-19T07:47,2024-09-19T20:03,44168.78,19924.58,,,8.6,8.6,0.0,0.0,13.0,,,,19.1,33.1,52,9.18,2.78
38.3452,-0.4815,19.0,2024-09-20,51,Light drizzle,25.3,19.3,22.3,25.8,19.1,22.8,2024-09-20T07:48,2024-09-20T20:01,44020.03,38435.08,,,0.6,0.6,0.0,0.0,3.0,,,,20.2,34.2,58,17.92,3.88
38.3452,-0.4815,19.0,2024-09-21,63,Moderate rain,23.9,21.3,22.7,26.2,23.1,24.5,2024-09-21T07:49,2024-09-21T20:00,43871.3,19130.32,,,7.8,7.8,0.0,0.0,10.0,,,,22.4,38.9,57,10.99,2.42
38.3452,-0.4815,19.0,2024-09-22,51,Light drizzle,25.3,19.1,22.5,28.0,20.8,24.9,2024-09-22T07:50,2024-09-22T19:58,43722.7,42842.48,,,0.2,0.2,0.0,0.0,1.0,,,,15.0,27.7,100,18.28,3.37
38.3452,-0.4815,19.0,2024-09-23,51,Light drizzle,26.1,19.6,22.7,27.2,19.8,23.9,2024-09-23T07:51,2024-09-23T19:57,43574.3,42747.0,,,0.1,0.1,0.0,0.0,1.0,,,,25.0,40.7,42,16.75,3.41
38.3452,-0.4815,19.0,2024-09-24,3,Overcast,28.3,19.0,23.4,29.0,19.1,24.0,2024-09-24T07:51,2024-09-24T19:55,43426.19,31641.27,,,0.0,0.0,0.0,0.0,0.0,,,,19.6,32.8,253,15.35,3.81
38.3452,-0.4815,19.0,2024-09-25,3,Overcast,29.0,19.8,23.4,26.9,15.9,21.3,2024-09-25T07:52,2024-09-25T19:53,43278.47,41373.88,,,0.0,0.0,0.0,0.0,0.0,,,,33.8,53.3,253,17.24,5.66
38.3452,-0.4815,19.0,2024-09-26,2,Partly cloudy,29.7,19.8,24.8,29.7,20.0,25.2,2024-09-26T07:53,2024-09-26T19:52,43131.22,42283.41,,,0.0,0.0,0.0,0.0,0.0,,,,28.8,48.2,227,18.86,4.87
38.3452,-0.4815,19.0,2024-09-27,3,Overcast,30.0,23.1,25.9,29.6,21.7,25.3,2024-09-27T07:54,2024-09-27T19:50,42984.53,41155.33,,,0.0,0.0,0.0,0.0,0.0,,,,27.5,45.0,268,17.91,5.56
38.3452,-0.4815,19.0,2024-09-28,3,Overcast,23.6,17.2,21.3,20.8,16.4,19.1,2024-09-28T07:55,2024-09-28T19:49,42838.49,40908.55,,,0.0,0.0,0.0,0.0,0.0,,,,29.3,47.9,63,17.43,4.85
38.3452,-0.4815,19.0,2024-09-29,1,Mainly clear,23.8,16.8,20.9,24.3,13.8,19.9,2024-09-29T07:56,2024-09-29T19:47,42693.06,41221.22,,,0.0,0.0,0.0,0.0,0.0,,,,15.3,30.2,43,18.22,4.3
38.3452,-0.4815,19.0,2024-09-30,0,Clear sky,24.2,17.2,21.0,25.1,17.1,21.5,2024-09-30T07:57,2024-09-30T19:46,42547.23,40919.97,,,0.0,0.0,0.0,0.0,0.0,,,,13.7,28.1,45,18.28,3.53
38.3452,-0.4815,19.0,2024-10-01,3,Overcast,25.4,17.3,21.7,25.8,17.7,22.6,2024-10-01T07:58,2024-10-01T19:44,42400.84,40499.03,,,0.0,0.0,0.0,0.0,0.0,,,,19.6,35.3,211,17.64,3.41
38.3452,-0.4815,19.0,2024-10-02,3,Overcast,31.9,20.6,25.9,30.9,18.4,24.2,2024-10-02T07:59,2024-10-02T19:43,42254.0,39014.99,,,0.0,0.0,0.0,0.0,0.0,,,,30.8,51.8,243,17.14,6.23
38.3452,-0.4815,19.0,2024-10-03,3,Overcast,28.6,20.7,24.7,26.4,20.6,23.9,2024-10-03T08:00,2024-10-03T19:41,42106.79,40013.83,,,0.0,0.0,0.0,0.0,0.0,,,,35.3,56.9,328,18.03,5.07
38.3452,-0.4815,19.0,2024-10-04,3,Overcast,25.2,18.0,21.5,24.4,17.7,21.5,2024-10-04T08:00,2024-10-04T19:40,41959.32,39296.6,,,0.0,0.0,0.0,0.0,0.0,,,,24.6,41.4,84,16.78,3.47
38.3452,-0.4815,19.0,2024-10-05,3,Overcast,25.8,17.9,22.0,26.5,18.3,23.0,2024-10-05T08:01,2024-10-05T19:38,41811.69,39406.63,,,0.0,0.0,0.0,0.0,0.0,,,,27.8,45.7,178,16.23,3.26
38.3452,-0.4815,19.0,2024-10-06,3,Overcast,30.1,21.9,25.3,28.9,21.3,25.1,2024-10-06T08:02,2024-10-06T19:37,41664.0,39080.28,,,0.0,0.0,0.0,0.0,0.0,,,,32.3,50.0,217,16.9,4.98
38.3452,-0.4815,19.0,2024-10-07,3,Overcast,26.0,20.0,23.2,27.9,20.5,25.4,2024-10-07T08:03,2024-10-07T19:35,41516.35,29683.88,,,0.0,0.0,0.0,0.0,0.0,,,,13.4,27.0,173,14.26,2.8
38.3452,-0.4815,19.0,2024-10-08,61,Slight rain,28.7,19.9,23.6,25.5,17.0,21.4,2024-10-08T08:04,2024-10-08T19:33,41368.84,31733.19,,,2.8,2.8,0.0,0.0,2.0,,,,37.3,54.7,266,13.44,5.21
38.3452,-0.4815,19.0,2024-10-09,3,Overcast,26.7,17.9,22.7,25.5,15.9,21.1,2024-10-09T08:05,2024-10-09T19:32,41221.57,29422.19,,,0.0,0.0,0.0,0.0,0.0,,,,24.3,40.0,227,13.57,4.34
38.3452,-0.4815,19.0,2024-10-10,3,Overcast,26.7,19.7,23.8,23.6,17.2,21.0,2024-10-10T08:06,2024-10-10T19:30,41074.65,39060.54,,,0.0,0.0,0.0,0.0,0.0,,,,31.9,46.8,282,15.69,5.92
38.3452,-0.4815,19.0,2024-10-11,3,Overcast,24.3,16.0,20.3,22.7,12.8,18.5,2024-10-11T08:07,2024-10-11T19:29,40928.17,36293.42,,,0.0,0.0,0.0,0.0,0.0,,,,15.1,27.7,333,13.05,3.78
38.3452,-0.4815,19.0,2024-10-12,3,Overcast,24.4,17.2,20.8,25.2,16.0,21.0,2024-10-12T08:08,2024-10-12T19:28,40782.26,38678.45,,,0.0,0.0,0.0,0.0,0.0,,,,17.4,32.8,43,14.5,3.05
38.3452,-0.4815,19.0,2024-10-13,3,Overcast,26.9,19.6,23.4,25.0,19.7,23.2,2024-10-13T08:09,2024-10-13T19:26,40637.0,38510.76,,,0.0,0.0,0.0,0.0,0.0,,,,30.8,50.0,66,15.52,3.97
38.3452,-0.4815,19.0,2024-10-14,3,Overcast,26.4,20.4,23.2,27.5,21.2,24.5,2024-10-14T08:10,2024-10-14T19:25,40492.51,37944.79,,,0.0,0.0,0.0,0.0,0.0,,,,22.3,38.5,92,15.42,3.12
38.3452,-0.4815,19.0,2024-10-15,53,Moderate drizzle,24.7,19.7,22.3,25.6,21.9,23.8,2024-10-15T08:11,2024-10-15T19:23,40348.91,31787.05,,,1.5,1.5,0.0,0.0,8.0,,,,19.2,38.9,110,12.36,2.53
38.3452,-0.4815,19.0,2024-10-16,51,Light drizzle,25.5,17.8,21.7,26.4,19.0,23.4,2024-10-16T08:12,2024-10-16T19:22,40206.29,38014.7,,,0.1,0.1,0.0,0.0,1.0,,,,17.9,34.6,210,14.61,2.7
38.3452,-0.4815,19.0,2024-10-17,51,Light drizzle,24.8,18.0,21.4,22.1,15.8,18.8,2024-10-17T08:13,2024-10-17T19:20,40064.79,36538.99,,,0.1,0.1,0.0,0.0,1.0,,,,35.2,53.6,282,14.63,4.95
38.3452,-0.4815,19.0,2024-10-18,3,Overcast,25.2,16.0,20.0,22.0,10.6,16.4,2024-10-18T08:14,2024-10-18T19:19,39924.5,37783.02,,,0.0,0.0,0.0,0.0,0.0,,,,32.3,47.5,305,15.78,5.03
38.3452,-0.4815,19.0,2024-10-19,3,Overcast,25.1,15.7,19.8,23.7,13.6,18.3,2024-10-19T08:15,2024-10-19T19:18,39785.41,36000.0,,,0.0,0.0,0.0,0.0,0.0,,,,21.6,38.2,237,13.35,3.58
38.3452,-0.4815,19.0,2024-10-20,3,Overcast,25.0,17.5,21.5,23.9,16.0,20.6,2024-10-20T08:16,2024-10-20T19:16,39646.38,36031.11,,,0.0,0.0,0.0,0.0,0.0,,,,17.4,30.2,340,13.14,3.47
38.3452,-0.4815,19.0,2024-10-21,3,Overcast,23.5,17.0,20.5,23.6,16.3,20.5,2024-10-21T08:17,2024-10-21T19:15,39507.25,37281.58,,,0.0,0.0,0.0,0.0,0.0,,,,15.3,30.2,37,14.35,2.91
38.3452,-0.4815,19.0,2024-10-22,51,Light drizzle,23.6,17.1,20.4,23.4,16.4,20.4,2024-10-22T08:18,2024-10-22T19:14,39368.13,36707.04,,,0.9,0.9,0.0,0.0,4.0,,,,17.1,34.9,52,12.25,2.69
38.3452,-0.4815,19.0,2024-10-23,51,Light drizzle,22.1,18.5,20.2,20.7,18.5,19.8,2024-10-23T08:19,2024-10-23T19:13,39229.16,36436.04,,,0.4,0.4,0.0,0.0,4.0,,,,26.9,43.6,68,12.93,2.6
38.3452,-0.4815,19.0,2024-10-24,3,Overcast,22.5,15.3,19.1,22.5,14.5,19.3,2024-10-24T08:20,2024-10-24T19:11,39090.43,35285.84,,,0.0,0.0,0.0,0.0,0.0,,,,13.8,24.8,21,12.01,2.34
38.3452,-0.4815,19.0,2024-10-25,51,Light drizzle,22.2,15.6,19.0,22.2,15.1,19.3,2024-10-25T08:21,2024-10-25T19:10,38952.09,27599.83,,,0.4,0.4,0.0,0.0,3.0,,,,17.5,29.2,250,9.69,1.94
38.3452,-0.4815,19.0,2024-10-26,63,Moderate rain,20.5,14.8,17.7,19.6,12.0,15.7,2024-10-26T08:22,2024-10-26T19:09,38814.25,26270.42,,,5.0,5.0,0.0,0.0,4.0,,,,24.8,41.0,280,10.33,2.81
38.3452,-0.4815,19.0,2024-10-27,63,Moderate rain,17.1,14.0,14.9,16.4,11.2,13.9,2024-10-27T08:23,2024-10-27T19:08,38677.05,11660.24,,,12.8,12.8,0.0,0.0,13.0,,,,15.3,22.7,346,6.34,1.45
38.3452,-0.4815,19.0,2024-10-28,61,Slight rain,20.8,12.2,17.0,19.5,10.3,15.6,2024-10-28T08:24,2024-10-28T19:06,38540.6,28800.0,,,5.6,5.6,0.0,0.0,6.0,,,,34.0,50.0,40,11.1,2.46
38.3452,-0.4815,19.0,2024-10-29,65,Heavy rain,22.6,17.6,20.6,21.3,15.9,18.1,2024-10-29T08:25,2024-10-29T19:05,38405.04,25684.34,,,70.4,70.4,0.0,0.0,14.0,,,,49.6,74.9,51,8.63,2.35
38.3452,-0.4815,19.0,2024-10-30,3,Overcast,21.8,14.5,18.5,21.9,14.4,18.6,2024-10-30T08:26,2024-10-30T19:04,38270.51,36044.33,,,0.0,0.0,0.0,0.0,0.0,,,,29.7,53.3,348,13.53,2.44
38.3452,-0.4815,19.0,2024-10-31,51,Light drizzle,24.0,14.7,18.4,23.6,13.1,18.2,2024-10-31T08:27,2024-10-31T19:03,38137.15,35913.85,,,0.2,0.2,0.0,0.0,2.0,,,,12.9,20.5,316,12.3,2.35
38.3452,-0.4815,19.0,2024-11-01,51,Light drizzle,22.3,16.3,18.7,22.3,16.0,19.0,2024-11-01T08:28,2024-11-01T19:02,38005.08,30867.19,,,0.4,0.4,0.0,0.0,2.0,,,,21.1,32.4,48,11.77,2.15
38.3452,-0.4815,19.0,2024-11-02,2,Partly cloudy,21.0,15.0,17.7,21.4,14.1,17.8,2024-11-02T08:29,2024-11-02T19:01,37874.47,35779.06,,,0.0,0.0,0.0,0.0,0.0,,,,10.5,22.7,335,12.78,2.13
38.3452,-0.4815,19.0,2024-11-03,53,Moderate drizzle,21.8,14.5,18.0,21.3,13.2,17.5,2024-11-03T08:31,2024-11-03T18:59,37745.43,17714.1,,,1.9,1.9,0.0,0.0,4.0,,,,21.6,33.1,28,7.74,1.75
38.3452,-0.4815,19.0,2024-11-04,3,Overcast,22.4,16.0,18.9,23.3,15.1,19.2,2024-11-04T08:32,2024-11-04T18:58,37618.14,35650.91,,,0.0,0.0,0.0,0.0,0.0,,,,15.1,23.0,9,12.46,2.32
38.3452,-0.4815,19.0,2024-11-05,3,Overcast,22.0,15.8,18.5,23.1,15.8,19.5,2024-11-05T08:33,2024-11-05T18:57,37492.73,35589.59,,,0.0,0.0,0.0,0.0,0.0,,,,11.2,20.2,308,12.34,2.0
38.3452,-0.4815,19.0,2024-11-06,51,Light drizzle,21.1,16.1,18.4,22.5,15.6,19.2,2024-11-06T08:34,2024-11-06T18:56,37369.35,35530.24,,,0.1,0.1,0.0,0.0,1.0,,,,10.7,18.4,13,11.78,1.94
38.3452,-0.4815,19.0,2024-11-07,2,Partly cloudy,21.2,15.1,17.7,22.4,14.7,18.0,2024-11-07T08:35,2024-11-07T18:55,37248.17,35472.98,,,0.0,0.0,0.0,0.0,0.0,,,,12.0,23.4,351,11.67,1.93
38.3452,-0.4815,19.0,2024-11-08,3,Overcast,21.1,14.1,17.1,21.5,13.4,17.3,2024-11-08T08:36,2024-11-08T18:55,37129.19,28300.02,,,0.0,0.0,0.0,0.0,0.0,,,,14.6,24.1,272,10.0,1.71
38.3452,-0.4815,19.0,2024-11-09,3,Overcast,23.8,15.0,18.3,23.9,14.3,18.0,2024-11-09T08:37,2024-11-09T18:54,37011.25,35363.73,,,0.0,0.0,0.0,0.0,0.0,,,,18.3,28.4,311,10.71,2.15
38.3452,-0.4815,19.0,2024-11-10,2,Partly cloudy,20.6,13.3,16.8,19.6,12.4,16.4,2024-11-10T08:38,2024-11-10T18:53,36894.17,35311.15,,,0.0,0.0,0.0,0.0,0.0,,,,15.3,26.6,307,11.79,1.96
38.3452,-0.4815,19.0,2024-11-11,51,Light drizzle,19.9,14.0,16.4,18.8,12.1,15.4,2024-11-11T08:39,2024-11-11T18:52,36778.11,34533.33,,,0.7,0.7,0.0,0.0,3.0,,,,13.5,24.8,351,10.78,2.1
38.3452,-0.4815,19.0,2024-11-12,51,Light drizzle,19.8,12.4,15.2,18.7,10.7,14.3,2024-11-12T08:40,2024-11-12T18:51,36663.17,31726.4,,,1.4,1.4,0.0,0.0,5.0,,,,14.3,29.5,337,10.31,1.79
38.3452,-0.4815,19.0,2024-11-13,51,Light drizzle,18.8,13.6,16.0,16.8,10.9,14.0,2024-11-13T08:41,2024-11-13T18:50,36549.51,24252.48,,,0.3,0.3,0.0,0.0,3.0,,,,17.6,36.7,21,8.58,2.31
38.3452,-0.4815,19.0,2024-11-14,51,Light drizzle,21.8,15.8,18.4,20.0,14.5,17.0,2024-11-14T08:42,2024-11-14T18:50,36437.25,32501.4,,,0.1,0.1,0.0,0.0,1.0,,,,26.0,58.0,38,9.64,2.39
38.3452,-0.4815,19.0,2024-11-15,51,Light drizzle,20.0,15.7,17.9,16.7,14.3,15.6,2024-11-15T08:44,2024-11-15T18:49,36326.54,34336.58,,,0.2,0.2,0.0,0.0,1.0,,,,25.5,57.2,57,9.52,2.7
38.3452,-0.4815,19.0,2024-11-16,3,Overcast,20.8,14.4,17.1,19.5,13.2,16.0,2024-11-16T08:45,2024-11-16T18:48,36217.52,30365.63,,,0.0,0.0,0.0,0.0,0.0,,,,19.6,45.4,40,9.43,2.04
38.3452,-0.4815,19.0,2024-11-17,3,Overcast,20.7,13.2,16.4,20.7,12.5,16.4,2024-11-17T08:46,2024-11-17T18:47,36110.34,32400.0,,,0.0,0.0,0.0,0.0,0.0,,,,9.1,19.4,327,11.0,1.78
38.3452,-0.4815,19.0,2024-11-18,51,Light drizzle,21.9,14.3,17.3,21.7,14.8,17.9,2024-11-18T08:47,2024-11-18T18:47,36005.15,34945.36,,,0.1,0.1,0.0,0.0,1.0,,,,10.8,27.7,208,11.01,1.8
38.3452,-0.4815,19.0,2024-11-19,3,Overcast,25.4,13.3,18.5,23.4,12.2,17.4,2024-11-19T08:48,2024-11-19T18:46,35902.09,34781.01,,,0.0,0.0,0.0,0.0,0.0,,,,16.4,32.8,267,10.32,2.48
38.3452,-0.4815,19.0,2024-11-20,2,Partly cloudy,24.0,16.7,19.8,20.7,13.9,16.8,2024-11-20T08:49,2024-11-20T18:46,35801.31,34807.93,,,0.0,0.0,0.0,0.0,0.0,,,,20.4,45.4,276,10.95,4.04
38.3452,-0.4815,19.0,2024-11-21,3,Overcast,23.4,16.9,18.8,20.0,12.7,15.4,2024-11-21T08:50,2024-11-21T18:45,35702.97,27633.8,,,0.0,0.0,0.0,0.0,0.0,,,,24.9,53.3,264,9.87,4.08
38.3452,-0.4815,19.0,2024-11-22,3,Overcast,23.2,16.3,19.1,21.0,12.6,16.2,2024-11-22T08:51,2024-11-22T18:44,35607.24,20302.42,,,0.0,0.0,0.0,0.0,0.0,,,,28.9,59.0,269,5.77,3.32
38.3452,-0.4815,19.0,2024-11-23,51,Light drizzle,19.4,14.6,17.2,19.3,12.6,16.8,2024-11-23T08:52,2024-11-23T18:44,35514.26,29947.92,,,1.4,1.4,0.0,0.0,8.0,,,,15.4,28.8,51,8.92,1.75
38.3452,-0.4815,19.0,2024-11-24,2,Partly cloudy,20.9,15.7,17.7,20.1,14.6,16.8,2024-11-24T08:53,2024-11-24T18:43,35424.2,34570.3,,,0.0,0.0,0.0,0.0,0.0,,,,15.7,39.2,38,10.38,2.15
38.3452,-0.4815,19.0,2024-11-25,3,Overcast,22.4,14.7,17.7,21.0,13.1,16.6,2024-11-25T08:54,2024-11-25T18:43,35337.21,34255.62,,,0.0,0.0,0.0,0.0,0.0,,,,11.2,26.3,267,8.4,1.98
38.3452,-0.4815,19.0,2024-11-26,3,Overcast,21.3,14.8,17.5,19.4,13.3,16.0,2024-11-26T08:55,2024-11-26T18:43,35253.47,32914.29,,,0.0,0.0,0.0,0.0,0.0,,,,16.3,38.2,35,9.55,2.1
38.3452,-0.4815,19.0,2024-11-27,3,Overcast,19.5,12.2,15.7,18.2,10.9,14.8,2024-11-27T08:56,2024-11-27T18:42,35173.14,33878.5,,,0.0,0.0,0.0,0.0,0.0,,,,10.6,28.4,9,9.95,1.7
38.3452,-0.4815,19.0,2024-11-28,1,Mainly clear,20.1,11.9,15.3,18.9,10.7,14.5,2024-11-28T08:57,2024-11-28T18:42,35096.26,34172.39,,,0.0,0.0,0.0,0.0,0.0,,,,10.5,25.9,272,10.13,1.68
38.3452,-0.4815,19.0,2024-11-29,1,Mainly clear,25.2,11.2,17.7,22.8,8.9,15.5,2024-11-29T08:58,2024-11-29T18:42,35021.95,33790.98,,,0.0,0.0,0.0,0.0,0.0,,,,13.1,30.6,256,10.22,2.75
38.3452,-0.4815,19.0,2024-11-30,1,Mainly clear,20.5,13.1,17.1,20.1,12.0,16.7,2024-11-30T08:59,2024-11-30T18:41,34950.09,33745.63,,,0.0,0.0,0.0,0.0,0.0,,,,9.5,26.3,138,9.64,1.65
38.3452,-0.4815,19.0,2024-12-01,3,Overcast,19.7,13.4,15.7,19.9,13.2,16.0,2024-12-01T09:00,2024-12-01T18:41,34880.75,32681.77,,,0.0,0.0,0.0,0.0,0.0,,,,8.2,23.4,297,9.68,1.48
38.3452,-0.4815,19.0,2024-12-02,51,Light drizzle,22.0,12.6,16.3,21.2,11.4,15.9,2024-12-02T09:01,2024-12-02T18:41,34814.03,31303.24,,,0.1,0.1,0.0,0.0,1.0,,,,11.1,29.2,223,8.74,1.65
38.3452,-0.4815,19.0,2024-12-03,3,Overcast,22.9,13.3,17.5,20.5,11.9,16.0,2024-12-03T09:02,2024-12-03T18:41,34750.02,33263.88,,,0.0,0.0,0.0,0.0,0.0,,,,13.3,30.2,264,9.32,2.21
38.3452,-0.4815,19.0,2024-12-04,63,Moderate rain,17.9,11.6,15.7,16.1,9.6,14.3,2024-12-04T09:03,2024-12-04T18:41,34688.83,24682.97,,,9.2,9.2,0.0,0.0,6.0,,,,19.0,37.1,276,5.56,1.47
38.3452,-0.4815,19.0,2024-12-05,3,Overcast,21.7,9.9,14.0,19.4,6.6,11.1,2024-12-05T09:04,2024-12-05T18:41,34630.54,30297.66,,,0.0,0.0,0.0,0.0,0.0,,,,14.2,33.5,288,8.41,2.19
38.3452,-0.4815,19.0,2024-12-06,3,Overcast,27.2,11.5,18.0,24.9,9.2,15.9,2024-12-06T09:05,2024-12-06T18:41,34575.23,33457.78,,,0.0,0.0,0.0,0.0,0.0,,,,14.4,29.2,302,9.21,2.55
38.3452,-0.4815,19.0,2024-12-07,3,Overcast,24.6,14.3,18.6,20.5,12.7,16.0,2024-12-07T09:05,2024-12-07T18:41,34523.01,33751.14,,,0.0,0.0,0.0,0.0,0.0,,,,25.9,56.9,297,9.67,3.29
38.3452,-0.4815,19.0,2024-12-08,1,Mainly clear,17.1,11.6,14.6,15.2,6.7,10.0,2024-12-08T09:06,2024-12-08T18:41,34473.97,33702.18,,,0.0,0.0,0.0,0.0,0.0,,,,27.9,63.0,296,9.04,3.54
38.3452,-0.4815,19.0,2024-12-09,2,Partly cloudy,16.6,10.3,12.8,11.6,3.3,7.2,2024-12-09T09:07,2024-12-09T18:41,34428.2,33653.27,,,0.0,0.0,0.0,0.0,0.0,,,,31.1,63.4,314,9.87,3.92
38.3452,-0.4815,19.0,2024-12-10,2,Partly cloudy,15.2,7.8,11.4,12.1,3.9,7.9,2024-12-10T09:08,2024-12-10T18:41,34385.8,33260.32,,,0.0,0.0,0.0,0.0,0.0,,,,15.6,31.0,326,9.73,2.21
38.3452,-0.4815,19.0,2024-12-11,51,Light drizzle,14.1,9.0,11.0,10.4,5.8,8.3,2024-12-11T09:09,2024-12-11T18:41,34346.84,21921.58,,,0.8,0.8,0.0,0.0,5.0,,,,17.3,39.6,29,5.26,1.33
38.3452,-0.4815,19.0,2024-12-12,3,Overcast,16.2,9.2,11.9,14.0,5.9,9.3,2024-12-12T09:10,2024-12-12T18:41,34311.43,33162.99,,,0.0,0.0,0.0,0.0,0.0,,,,14.9,29.5,331,9.55,1.83
38.3452,-0.4815,19.0,2024-12-13,51,Light drizzle,16.4,7.4,11.6,14.0,4.6,9.5,2024-12-13T09:10,2024-12-13T18:42,34279.65,32769.63,,,0.2,0.2,0.0,0.0,2.0,,,,10.3,28.1,279,9.0,1.53
38.3452,-0.4815,19.0,2024-12-14,3,Overcast,18.5,7.7,12.1,16.2,4.7,9.6,2024-12-14T09:11,2024-12-14T18:42,34251.59,31424.74,,,0.0,0.0,0.0,0.0,0.0,,,,11.2,26.6,325,9.53,1.71
38.3452,-0.4815,19.0,2024-12-15,3,Overcast,16.5,6.1,11.3,13.7,2.9,8.4,2024-12-15T09:12,2024-12-15T18:42,34227.33,33367.83,,,0.0,0.0,0.0,0.0,0.0,,,,8.7,21.6,308,9.75,1.81
38.3452,-0.4815,19.0,2024-12-16,3,Overcast,16.4,6.5,11.2,14.3,3.0,8.6,2024-12-16T09:12,2024-12-16T18:42,34206.96,32629.89,,,0.0,0.0,0.0,0.0,0.0,,,,9.9,20.2,346,8.47,1.65
38.3452,-0.4815,19.0,2024-12-17,3,Overcast,16.7,7.7,12.0,14.4,4.9,9.4,2024-12-17T09:13,2024-12-17T18:43,34190.58,24199.76,,,0.0,0.0,0.0,0.0,0.0,,,,11.9,26.3,286,8.27,1.82
38.3452,-0.4815,19.0,2024-12-18,3,Overcast,24.0,7.9,14.1,20.7,5.0,11.2,2024-12-18T09:13,2024-12-18T18:43,34178.22,33582.61,,,0.0,0.0,0.0,0.0,0.0,,,,15.4,28.8,236,9.25,2.36
38.3452,-0.4815,19.0,2024-12-19,3,Overcast,23.5,15.3,18.9,19.0,12.5,15.2,2024-12-19T09:14,2024-12-19T18:43,34169.73,29705.58,,,0.0,0.0,0.0,0.0,0.0,,,,23.8,47.5,261,6.79,3.67
38.3452,-0.4815,19.0,2024-12-20,3,Overcast,17.1,9.6,13.5,13.7,5.1,10.7,2024-12-20T09:14,2024-12-20T18:44,34165.02,33586.22,,,0.0,0.0,0.0,0.0,0.0,,,,21.4,44.6,312,9.85,2.15
38.3452,-0.4815,19.0,2024-12-21,0,Clear sky,15.8,6.3,10.7,13.3,2.8,7.9,2024-12-21T09:15,2024-12-21T18:44,34164.08,33585.83,,,0.0,0.0,0.0,0.0,0.0,,,,9.9,20.5,303,9.73,1.74
38.3452,-0.4815,19.0,2024-12-22,3,Overcast,20.4,6.8,12.8,16.9,3.2,9.0,2024-12-22T09:15,2024-12-22T18:45,34166.86,33589.19,,,0.0,0.0,0.0,0.0,0.0,,,,20.0,40.7,263,9.67,2.84
38.3452,-0.4815,19.0,2024-12-23,3,Overcast,19.3,10.5,15.1,15.2,7.2,11.5,2024-12-23T09:16,2024-12-23T18:45,34173.33,33575.12,,,0.0,0.0,0.0,0.0,0.0,,,,21.7,50.0,315,9.73,2.76
38.3452,-0.4815,19.0,2024-12-24,0,Clear sky,18.3,6.3,11.6,14.4,2.8,8.0,2024-12-24T09:16,2024-12-24T18:46,34183.47,33607.06,,,0.0,0.0,0.0,0.0,0.0,,,,12.4,28.8,277,9.67,2.17
38.3452,-0.4815,19.0,2024-12-25,1,Mainly clear,17.7,8.9,13.4,15.1,5.8,11.0,2024-12-25T09:17,2024-12-25T18:47,34197.24,33621.48,,,0.0,0.0,0.0,0.0,0.0,,,,23.5,50.8,53,9.46,1.8
38.3452,-0.4815,19.0,2024-12-26,2,Partly cloudy,16.4,8.0,12.2,15.1,5.8,10.8,2024-12-26T09:17,2024-12-26T18:47,34214.58,29241.4,,,0.0,0.0,0.0,0.0,0.0,,,,11.7,28.4,13,8.75,1.37
38.3452,-0.4815,19.0,2024-12-27,3,Overcast,15.6,6.5,10.9,13.1,3.6,8.4,2024-12-27T09:17,2024-12-27T18:48,34235.47,29471.55,,,0.0,0.0,0.0,0.0,0.0,,,,15.0,33.5,24,7.68,1.53
38.3452,-0.4815,19.0,2024-12-28,51,Light drizzle,16.1,8.2,11.8,13.8,5.5,9.8,2024-12-28T09:18,2024-12-28T18:49,34259.87,31209.48,,,0.1,0.1,0.0,0.0,1.0,,,,11.3,29.2,5,7.36,1.36
38.3452,-0.4815,19.0,2024-12-29,3,Overcast,15.7,7.9,11.6,13.8,5.1,9.6,2024-12-29T09:18,2024-12-29T18:49,34287.73,32828.08,,,0.0,0.0,0.0,0.0,0.0,,,,10.6,24.8,6,8.26,1.39
38.3452,-0.4815,19.0,2024-12-30,51,Light drizzle,14.9,7.5,11.1,13.8,4.7,9.2,2024-12-30T09:18,2024-12-30T18:50,34319.0,31172.54,,,0.9,0.9,0.0,0.0,5.0,,,,11.8,25.6,355,7.25,1.2
38.3452,-0.4815,19.0,2024-12-31,51,Light drizzle,14.5,8.6,11.4,12.4,6.5,9.4,2024-12-31T09:18,2024-12-31T18:51,34353.65,30151.85,,,1.2,1.2,0.0,0.0,8.0,,,,18.8,42.5,40,7.46,1.25
38.3452,-0.4815,19.0,2025-01-01,51,Light drizzle,16.1,10.1,12.6,13.3,7.7,10.3,2025-01-01T09:19,2025-01-01T18:52,34391.61,32291.7,,,0.1,0.1,0.0,0.0,1.0,,,,14.8,35.3,14,8.6,1.65
38.3452,-0.4815,19.0,2025-01-02,1,Mainly clear,17.4,7.4,11.9,14.5,4.9,9.7,2025-01-02T09:19,2025-01-02T18:53,34432.86,31999.42,,,0.0,0.0,0.0,0.0,0.0,,,,14.2,31.7,256,9.72,1.73
38.3452,-0.4815,19.0,2025-01-03,3,Overcast,19.9,10.2,14.1,15.5,6.3,9.9,2025-01-03T09:19,2025-01-03T18:53,34477.33,33765.83,,,0.0,0.0,0.0,0.0,0.0,,,,17.9,36.4,263,9.54,3.33
38.3452,-0.4815,19.0,2025-01-04,3,Overcast,20.6,11.4,15.1,17.5,7.8,11.7,2025-01-04T09:19,2025-01-04T18:54,34524.98,32786.72,,,0.0,0.0,0.0,0.0,0.0,,,,15.5,34.6,268,9.73,2.93
38.3452,-0.4815,19.0,2025-01-05,3,Overcast,16.9,10.6,13.2,13.1,6.8,10.0,2025-01-05T09:19,2025-01-05T18:55,34575.76,22632.46,,,0.0,0.0,0.0,0.0,0.0,,,,15.9,35.3,248,7.24,2.23
38.3452,-0.4815,19.0,2025-01-06,51,Light drizzle,16.2,9.2,12.7,14.0,6.9,10.2,2025-01-06T09:19,2025-01-06T18:56,34629.61,13363.0,,,0.2,0.2,0.0,0.0,2.0,,,,22.8,45.0,260,5.65,1.56
38.3452,-0.4815,19.0,2025-01-07,3,Overcast,17.7,10.1,13.6,12.8,6.2,9.3,2025-01-07T09:19,2025-01-07T18:57,34686.57,34121.09,,,0.0,0.0,0.0,0.0,0.0,,,,24.6,48.6,277,10.4,3.27
38.3452,-0.4815,19.0,2025-01-08,3,Overcast,18.3,12.4,14.4,15.3,8.1,11.3,2025-01-08T09:19,2025-01-08T18:58,34747.29,34001.6,,,0.0,0.0,0.0,0.0,0.0,,,,21.4,41.4,252,10.01,2.7
38.3452,-0.4815,19.0,2025-01-09,3,Overcast,21.9,13.9,17.2,16.8,10.8,14.0,2025-01-09T09:18,2025-01-09T18:59,34811.79,32077.71,,,0.0,0.0,0.0,0.0,0.0,,,,25.9,57.6,275,7.59,3.15
38.3452,-0.4815,19.0,2025-01-10,2,Partly cloudy,22.7,14.2,17.3,19.4,11.4,14.3,2025-01-10T09:18,2025-01-10T19:00,34879.92,33756.77,,,0.0,0.0,0.0,0.0,0.0,,,,21.7,41.8,282,10.26,3.3
38.3452,-0.4815,19.0,2025-01-11,3,Overcast,22.8,15.3,17.9,19.6,10.9,14.9,2025-01-11T09:18,2025-01-11T19:01,34951.54,21396.18,,,0.0,0.0,0.0,0.0,0.0,,,,27.9,58.3,297,7.48,3.12
38.3452,-0.4815,19.0,2025-01-12,51,Light drizzle,18.1,12.0,14.9,15.0,7.6,11.6,2025-01-12T09:18,2025-01-12T19:02,35026.51,33110.34,,,0.1,0.1,0.0,0.0,1.0,,,,24.3,49.3,58,9.5,2.62
38.3452,-0.4815,19.0,2025-01-13,1,Mainly clear,14.1,4.5,10.1,11.3,1.3,7.2,2025-01-13T09:18,2025-01-13T19:03,35104.67,33564.18,,,0.0,0.0,0.0,0.0,0.0,,,,14.4,30.2,27,10.44,1.82
38.3452,-0.4815,19.0,2025-01-14,0,Clear sky,15.1,5.0,9.3,11.4,1.2,5.5,2025-01-14T09:17,2025-01-14T19:04,35185.88,34621.33,,,0.0,0.0,0.0,0.0,0.0,,,,13.0,29.9,351,10.97,2.2
38.3452,-0.4815,19.0,2025-01-15,0,Clear sky,14.6,2.7,7.8,10.4,-1.7,3.9,2025-01-15T09:17,2025-01-15T19:05,35270.0,34667.56,,,0.0,0.0,0.0,0.0,0.0,,,,10.6,26.3,284,11.22,2.18
38.3452,-0.4815,19.0,2025-01-16,63,Moderate rain,15.6,3.3,9.2,11.7,-1.2,5.6,2025-01-16T09:17,2025-01-16T19:06,35356.89,34690.59,,,4.2,4.2,0.0,0.0,5.0,,,,17.2,41.0,14,10.25,2.16
38.3452,-0.4815,19.0,2025-01-17,53,Moderate drizzle,14.2,9.5,11.5,10.6,5.8,8.0,2025-01-17T09:16,2025-01-17T19:07,35446.4,30885.99,,,0.8,0.8,0.0,0.0,2.0,,,,20.0,49.7,27,7.58,1.97
38.3452,-0.4815,19.0,2025-01-18,3,Overcast,17.2,9.3,12.4,14.0,5.5,9.4,2025-01-18T09:16,2025-01-18T19:08,35538.4,31406.3,,,0.0,0.0,0.0,0.0,0.0,,,,12.2,29.9,314,10.5,2.16
38.3452,-0.4815,19.0,2025-01-19,3,Overcast,14.4,5.5,9.7,12.3,1.6,7.0,2025-01-19T09:15,2025-01-19T19:09,35632.75,34771.07,,,0.0,0.0,0.0,0.0,0.0,,,,12.6,31.0,18,11.2,1.89
38.3452,-0.4815,19.0,2025-01-20,3,Overcast,15.4,5.3,10.2,13.5,2.1,8.1,2025-01-20T09:15,2025-01-20T19:10,35729.31,33293.96,,,0.0,0.0,0.0,0.0,0.0,,,,10.8,28.8,265,10.6,1.6
38.3452,-0.4815,19.0,2025-01-21,55,Dense drizzle,17.0,9.7,13.0,15.7,8.6,12.2,2025-01-21T09:14,2025-01-21T19:11,35827.93,21456.76,,,1.6,1.6,0.0,0.0,5.0,,,,11.9,29.2,238,8.5,1.35
38.3452,-0.4815,19.0,2025-01-22,3,Overcast,19.3,10.8,14.2,17.7,8.7,12.5,2025-01-22T09:14,2025-01-22T19:13,35928.51,31232.48,,,0.0,0.0,0.0,0.0,0.0,,,,11.9,26.6,237,9.87,1.92
38.3452,-0.4815,19.0,2025-01-23,3,Overcast,21.9,10.6,15.3,19.7,8.0,13.1,2025-01-23T09:13,2025-01-23T19:14,36030.9,34904.08,,,0.0,0.0,0.0,0.0,0.0,,,,14.2,28.8,246,11.29,2.55
38.3452,-0.4815,19.0,2025-01-24,0,Clear sky,20.9,11.9,15.6,18.7,10.7,14.3,2025-01-24T09:12,2025-01-24T19:15,36134.97,34941.77,,,0.0,0.0,0.0,0.0,0.0,,,,13.4,31.0,263,11.65,2.18
38.3452,-0.4815,19.0,2025-01-25,3,Overcast,22.2,9.0,15.2,18.4,7.0,13.0,2025-01-25T09:12,2025-01-25T19:16,36240.6,34981.2,,,0.0,0.0,0.0,0.0,0.0,,,,21.6,42.5,279,9.3,2.45
38.3452,-0.4815,19.0,2025-01-26,3,Overcast,19.3,9.2,14.0,17.0,6.6,12.1,2025-01-26T09:11,2025-01-26T19:17,36347.66,33789.8,,,0.0,0.0,0.0,0.0,0.0,,,,16.5,36.7,250,11.34,2.18
38.3452,-0.4815,19.0,2025-01-27,3,Overcast,23.3,12.1,17.9,21.1,10.9,15.9,2025-01-27T09:10,2025-01-27T19:18,36456.18,32400.0,,,0.0,0.0,0.0,0.0,0.0,,,,25.5,55.1,233,10.04,2.9
38.3452,-0.4815,19.0,2025-01-28,51,Light drizzle,20.2,13.7,15.8,14.0,7.1,10.5,2025-01-28T09:10,2025-01-28T19:19,36567.27,28960.05,,,0.1,0.1,0.0,0.0,1.0,,,,38.7,77.4,271,8.52,4.31
38.3452,-0.4815,19.0,2025-01-29,3,Overcast,16.5,11.6,13.5,12.2,7.3,9.6,2025-01-29T09:09,2025-01-29T19:20,36681.04,15274.84,,,0.0,0.0,0.0,0.0,0.0,,,,27.4,67.0,249,6.11,2.72
38.3452,-0.4815,19.0,2025-01-30,51,Light drizzle,18.3,10.3,13.8,14.8,6.3,10.4,2025-01-30T09:08,2025-01-30T19:21,36797.35,35206.8,,,0.5,0.5,0.0,0.0,2.0,,,,17.0,41.4,298,12.29,2.93
38.3452,-0.4815,19.0,2025-01-31,3,Overcast,15.5,10.5,12.6,12.0,8.1,10.1,2025-01-31T09:07,2025-01-31T19:23,36916.0,32906.65,,,0.0,0.0,0.0,0.0,0.0,,,,20.8,47.2,33,10.95,2.01
38.3452,-0.4815,19.0,2025-02-01,63,Moderate rain,16.9,6.9,10.6,13.0,3.0,7.2,2025-02-01T09:06,2025-02-01T19:24,37036.85,35237.44,,,3.5,3.5,0.0,0.0,3.0,,,,16.3,37.4,334,12.35,2.41
38.3452,-0.4815,19.0,2025-02-02,3,Overcast,14.5,8.0,10.6,11.3,5.2,7.9,2025-02-02T09:05,2025-02-02T19:25,37159.72,35366.56,,,0.0,0.0,0.0,0.0,0.0,,,,17.4,41.4,330,12.18,1.96
38.3452,-0.4815,19.0,2025-02-03,0,Clear sky,15.2,6.1,10.4,12.0,3.3,7.6,2025-02-03T09:04,2025-02-03T19:26,37284.47,35423.08,,,0.0,0.0,0.0,0.0,0.0,,,,13.3,33.5,36,12.93,2.09
38.3452,-0.4815,19.0,2025-02-04,2,Partly cloudy,16.4,5.1,10.4,13.6,1.8,7.6,2025-02-04T09:03,2025-02-04T19:27,37410.94,35481.43,,,0.0,0.0,0.0,0.0,0.0,,,,9.4,26.6,344,13.25,2.17
38.3452,-0.4815,19.0,2025-02-05,1,Mainly clear,16.0,5.8,10.4,13.7,2.9,7.9,2025-02-05T09:02,2025-02-05T19:28,37538.97,35747.26,,,0.0,0.0,0.0,0.0,0.0,,,,9.9,26.6,16,13.44,2.08
38.3452,-0.4815,19.0,2025-02-06,3,Overcast,14.8,6.7,10.5,12.7,4.1,8.3,2025-02-06T09:01,2025-02-06T19:29,37668.41,35602.65,,,0.0,0.0,0.0,0.0,0.0,,,,8.7,25.2,12,13.08,1.95
38.3452,-0.4815,19.0,2025-02-07,61,Slight rain,15.8,5.7,10.4,13.2,2.8,7.8,2025-02-07T09:00,2025-02-07T19:31,37799.12,35665.34,,,1.4,1.4,0.0,0.0,2.0,,,,20.0,44.3,234,13.45,2.06
38.3452,-0.4815,19.0,2025-02-08,51,Light drizzle,20.5,9.4,14.0,17.0,7.4,11.9,2025-02-08T08:59,2025-02-08T19:32,37930.95,36136.96,,,0.1,0.1,0.0,0.0,1.0,,,,17.0,36.0,317,13.82,2.57
38.3452,-0.4815,19.0,2025-02-09,3,Overcast,17.6,6.4,12.3,14.7,3.4,10.4,2025-02-09T08:58,2025-02-09T19:33,38063.77,36164.89,,,0.0,0.0,0.0,0.0,0.0,,,,14.2,34.9,300,13.71,2.17
38.3452,-0.4815,19.0,2025-02-10,51,Light drizzle,16.2,9.7,12.6,14.4,8.1,10.9,2025-02-10T08:57,2025-02-10T19:34,38197.43,35860.7,,,0.3,0.3,0.0,0.0,3.0,,,,11.3,30.6,47,12.49,1.94
38.3452,-0.4815,19.0,2025-02-11,2,Partly cloudy,16.4,6.5,11.4,14.6,4.1,9.8,2025-02-11T08:56,2025-02-11T19:35,38331.8,35324.74,,,0.0,0.0,0.0,0.0,0.0,,,,11.8,31.3,281,13.9,1.99
38.3452,-0.4815,19.0,2025-02-12,3,Overcast,20.1,9.7,14.2,17.9,8.0,12.3,2025-02-12T08:55,2025-02-12T19:36,38466.74,36874.72,,,0.0,0.0,0.0,0.0,0.0,,,,13.2,37.8,266,12.58,2.41
38.3452,-0.4815,19.0,2025-02-13,3,Overcast,18.7,10.6,13.8,15.5,7.8,11.4,2025-02-13T08:54,2025-02-13T19:37,38602.13,35563.26,,,0.0,0.0,0.0,0.0,0.0,,,,14.9,36.7,293,13.96,2.73
38.3452,-0.4815,19.0,2025-02-14,3,Overcast,21.2,7.9,13.6,18.7,5.8,11.7,2025-02-14T08:53,2025-02-14T19:38,38737.83,37111.61,,,0.0,0.0,0.0,0.0,0.0,,,,17.1,37.1,229,14.53,2.57
38.3452,-0.4815,19.0,2025-02-15,3,Overcast,17.5,9.5,13.5,16.6,7.3,12.1,2025-02-15T08:51,2025-02-15T19:40,38873.72,36459.44,,,0.0,0.0,0.0,0.0,0.0,,,,11.1,30.2,38,14.84,2.41
38.3452,-0.4815,19.0,2025-02-16,3,Overcast,19.3,11.3,14.1,18.4,9.6,13.0,2025-02-16T08:50,2025-02-16T19:41,39009.81,34941.98,,,0.0,0.0,0.0,0.0,0.0,,,,9.7,26.6,74,14.53,2.3
38.3452,-0.4815,19.0,2025-02-17,2,Partly cloudy,18.6,8.7,13.5,17.3,6.9,12.2,2025-02-17T08:49,2025-02-17T19:42,39147.33,37611.88,,,0.0,0.0,0.0,0.0,0.0,,,,7.7,23.0,77,15.24,2.39
38.3452,-0.4815,19.0,2025-02-18,3,Overcast,17.8,11.9,14.4,16.4,10.9,13.0,2025-02-18T08:48,2025-02-18T19:43,39286.43,28800.0,,,0.0,0.0,0.0,0.0,0.0,,,,18.1,43.6,60,13.79,2.26
38.3452,-0.4815,19.0,2025-02-19,3,Overcast,17.8,9.2,13.5,17.0,8.1,12.5,2025-02-19T08:47,2025-02-19T19:44,39426.97,37755.27,,,0.0,0.0,0.0,0.0,0.0,,,,10.3,24.1,92,14.67,2.26
38.3452,-0.4815,19.0,2025-02-20,3,Overcast,17.0,10.7,13.8,16.3,10.1,13.3,2025-02-20T08:45,2025-02-20T19:45,39568.82,36889.33,,,0.0,0.0,0.0,0.0,0.0,,,,9.3,26.3,185,13.09,1.93
38.3452,-0.4815,19.0,2025-02-21,51,Light drizzle,16.8,13.6,14.8,15.4,13.5,14.4,2025-02-21T08:44,2025-02-21T19:46,39711.85,29949.6,,,1.1,1.1,0.0,0.0,5.0,,,,11.4,30.2,174,11.37,1.79
38.3452,-0.4815,19.0,2025-02-22,61,Slight rain,20.6,10.6,14.0,18.3,8.7,12.9,2025-02-22T08:43,2025-02-22T19:47,39855.93,15550.75,,,5.7,5.7,0.0,0.0,6.0,,,,17.5,39.6,264,8.44,1.63
38.3452,-0.4815,19.0,2025-02-23,53,Moderate drizzle,17.9,11.8,14.3,15.7,8.7,12.7,2025-02-23T08:41,2025-02-23T19:48,40000.95,18151.19,,,1.9,1.9,0.0,0.0,8.0,,,,21.6,45.0,8,9.21,1.94
38.3452,-0.4815,19.0,2025-02-24,3,Overcast,18.2,9.4,13.6,16.2,7.8,12.3,2025-02-24T08:40,2025-02-24T19:49,40146.77,31173.08,,,0.0,0.0,0.0,0.0,0.0,,,,17.7,40.3,220,14.35,2.22
38.3452,-0.4815,19.0,2025-02-25,3,Overcast,23.0,11.0,16.6,20.3,8.9,13.6,2025-02-25T08:39,2025-02-25T19:50,40293.27,31800.12,,,0.0,0.0,0.0,0.0,0.0,,,,17.7,38.2,258,11.96,3.54
38.3452,-0.4815,19.0,2025-02-26,3,Overcast,16.7,8.5,13.3,13.7,5.2,10.7,2025-02-26T08:37,2025-02-26T19:51,40440.33,38865.93,,,0.0,0.0,0.0,0.0,0.0,,,,15.1,36.0,232,16.99,3.05
38.3452,-0.4815,19.0,2025-02-27,3,Overcast,17.1,8.0,12.5,15.0,5.8,10.7,2025-02-27T08:36,2025-02-27T19:52,40587.85,29033.78,,,0.0,0.0,0.0,0.0,0.0,,,,14.1,35.6,215,14.08,2.26
38.3452,-0.4815,19.0,2025-02-28,61,Slight rain,16.3,10.1,13.1,12.4,8.6,10.4,2025-02-28T08:34,2025-02-28T19:53,40735.68,32248.39,,,3.1,3.1,0.0,0.0,3.0,,,,26.4,60.1,61,14.58,2.58
38.3452,-0.4815,19.0,2025-03-01,63,Moderate rain,13.9,11.9,12.9,10.5,8.0,9.5,2025-03-01T08:33,2025-03-01T19:54,40883.74,2449.17,,,24.0,24.0,0.0,0.0,14.0,,,,26.9,58.0,47,5.46,1.66
38.3452,-0.4815,19.0,2025-03-02,53,Moderate drizzle,14.8,12.4,13.4,10.7,8.3,9.6,2025-03-02T08:31,2025-03-02T19:55,41031.9,20487.11,,,0.5,0.5,0.0,0.0,1.0,,,,27.9,64.4,55,8.79,2.26
38.3452,-0.4815,19.0,2025-03-03,55,Dense drizzle,16.5,13.3,14.8,13.8,10.4,11.9,2025-03-03T08:30,2025-03-03T19:57,41180.04,28274.84,,,4.1,4.1,0.0,0.0,10.0,,,,29.1,63.4,56,12.57,2.21
38.3452,-0.4815,19.0,2025-03-04,3,Overcast,18.4,14.3,15.7,15.3,12.2,13.1,2025-03-04T08:29,2025-03-04T19:58,41328.06,28064.5,,,0.0,0.0,0.0,0.0,0.0,,,,29.9,69.5,52,11.8,2.38
38.3452,-0.4815,19.0,2025-03-05,61,Slight rain,15.4,14.0,14.6,12.4,9.9,11.3,2025-03-05T08:27,2025-03-05T19:59,41475.85,3600.0,,,22.3,22.3,0.0,0.0,21.0,,,,33.7,71.6,62,4.38,1.06
38.3452,-0.4815,19.0,2025-03-06,61,Slight rain,16.9,14.3,15.2,15.1,11.7,13.1,2025-03-06T08:26,2025-03-06T20:00,41623.29,33318.6,,,10.4,10.4,0.0,0.0,11.0,,,,25.8,51.8,58,11.89,1.87
38.3452,-0.4815,19.0,2025-03-07,51,Light drizzle,17.4,11.8,14.7,17.1,11.4,14.3,2025-03-07T08:24,2025-03-07T20:01,41770.29,36000.0,,,0.1,0.1,0.0,0.0,1.0,,,,12.9,31.3,91,16.15,2.36
38.3452,-0.4815,19.0,2025-03-08,61,Slight rain,17.7,12.7,14.9,17.3,12.5,14.4,2025-03-08T08:23,2025-03-08T20:02,41916.86,29683.32,,,3.4,3.4,0.0,0.0,7.0,,,,17.7,40.3,59,12.79,1.84
38.3452,-0.4815,19.0,2025-03-09,53,Moderate drizzle,16.7,10.0,13.6,13.9,7.4,11.6,2025-03-09T08:21,2025-03-09T20:03,42064.13,36000.0,,,1.5,1.5,0.0,0.0,6.0,,,,20.7,46.1,221,16.6,2.73
38.3452,-0.4815,19.0,2025-03-10,55,Dense drizzle,19.1,10.7,14.1,16.4,9.8,12.9,2025-03-10T08:20,2025-03-10T20:04,42212.24,39600.0,,,2.6,2.6,0.0,0.0,8.0,,,,19.2,44.6,216,16.85,2.77
38.3452,-0.4815,19.0,2025-03-11,51,Light drizzle,19.4,10.3,14.0,17.5,8.5,12.5,2025-03-11T08:18,2025-03-11T20:05,42361.12,34837.9,,,0.4,0.4,0.0,0.0,2.0,,,,22.1,50.0,235,15.42,2.63
38.3452,-0.4815,19.0,2025-03-12,51,Light drizzle,20.2,12.5,15.7,16.3,9.3,12.1,2025-03-12T08:17,2025-03-12T20:05,42510.66,32586.9,,,0.2,0.2,0.0,0.0,1.0,,,,23.3,52.9,269,14.12,3.82
38.3452,-0.4815,19.0,2025-03-13,63,Moderate rain,15.9,10.2,13.1,15.1,8.3,11.7,2025-03-13T08:15,2025-03-13T20:06,42660.76,11644.54,,,9.6,9.6,0.0,0.0,7.0,,,,15.7,31.3,262,7.74,1.56
38.3452,-0.4815,19.0,2025-03-14,63,Moderate rain,15.2,9.6,12.2,14.3,8.2,10.8,2025-03-14T08:14,2025-03-14T20:07,42811.31,7457.58,,,12.8,12.8,0.0,0.0,14.0,,,,15.0,33.5,18,8.56,1.48
38.3452,-0.4815,19.0,2025-03-15,63,Moderate rain,16.7,8.4,12.5,13.1,5.3,9.7,2025-03-15T08:12,2025-03-15T20:08,42962.23,31214.11,,,5.6,5.6,0.0,0.0,5.0,,,,16.8,36.0,265,15.69,2.96
38.3452,-0.4815,19.0,2025-03-16,51,Light drizzle,17.5,6.8,12.2,16.0,4.2,10.0,2025-03-16T08:11,2025-03-16T20:09,43113.42,37901.98,,,0.2,0.2,0.0,0.0,1.0,,,,18.9,49.3,261,16.57,2.81
38.3452,-0.4815,19.0,2025-03-17,63,Moderate rain,12.6,9.5,11.7,10.7,7.2,9.5,2025-03-17T08:09,2025-03-17T20:10,43264.77,146.22,,,11.8,11.8,0.0,0.0,13.0,,,,20.6,45.0,51,4.97,1.03
38.3452,-0.4815,19.0,2025-03-18,63,Moderate rain,15.0,12.1,13.6,13.5,9.3,11.1,2025-03-18T08:07,2025-03-18T20:11,43416.19,5597.52,,,16.9,16.9,0.0,0.0,17.0,,,,27.1,59.0,62,6.4,1.26
38.3452,-0.4815,19.0,2025-03-19,51,Light drizzle,17.6,11.4,14.9,17.8,10.3,13.9,2025-03-19T08:06,2025-03-19T20:12,43567.59,36054.29,,,0.1,0.1,0.0,0.0,1.0,,,,20.0,38.5,56,18.64,2.77
38.3452,-0.4815,19.0,2025-03-20,3,Overcast,20.0,14.9,17.3,19.7,12.4,15.4,2025-03-20T08:04,2025-03-20T20:13,43718.87,34395.76,,,0.0,0.0,0.0,0.0,0.0,,,,26.1,50.8,60,18.87,3.77
38.3452,-0.4815,19.0,2025-03-21,61,Slight rain,20.8,14.1,16.3,18.2,12.8,14.9,2025-03-21T08:03,2025-03-21T20:14,43869.92,19523.55,,,5.2,5.2,0.0,0.0,4.0,,,,25.4,52.9,222,15.7,2.97
38.3452,-0.4815,19.0,2025-03-22,51,Light drizzle,19.0,11.8,14.9,15.1,10.1,12.5,2025-03-22T08:01,2025-03-22T20:15,44020.66,35356.18,,,0.6,0.6,0.0,0.0,3.0,,,,25.1,56.5,260,15.85,3.21
38.3452,-0.4815,19.0,2025-03-23,51,Light drizzle,16.8,9.7,13.2,12.8,6.2,9.8,2025-03-23T08:00,2025-03-23T20:16,44170.98,39314.79,,,0.1,0.1,0.0,0.0,1.0,,,,23.0,51.5,245,16.71,3.41
38.3452,-0.4815,19.0,2025-03-24,51,Light drizzle,19.3,10.2,13.9,18.0,6.8,11.4,2025-03-24T07:58,2025-03-24T20:17,44320.79,41463.9,,,0.4,0.4,0.0,0.0,4.0,,,,20.4,43.2,257,18.14,3.54
38.3452,-0.4815,19.0,2025-03-25,61,Slight rain,16.6,9.4,13.2,15.5,7.5,11.7,2025-03-25T07:57,2025-03-25T20:18,44469.99,41996.87,,,4.0,4.0,0.0,0.0,2.0,,,,12.2,29.5,265,16.23,2.62
38.3452,-0.4815,19.0,2025-03-26,51,Light drizzle,20.1,8.5,13.5,19.2,6.5,11.9,2025-03-26T07:55,2025-03-26T20:19,44618.48,43191.93,,,0.1,0.1,0.0,0.0,1.0,,,,21.9,50.8,21,19.79,3.24
38.3452,-0.4815,19.0,2025-03-27,2,Partly cloudy,16.7,9.0,12.8,16.4,7.6,11.4,2025-03-27T07:54,2025-03-27T20:20,44766.15,43200.0,,,0.0,0.0,0.0,0.0,0.0,,,,13.4,34.6,31,18.07,2.66
38.3452,-0.4815,19.0,2025-03-28,2,Partly cloudy,19.7,9.6,13.4,19.2,6.7,11.8,2025-03-28T07:52,2025-03-28T20:21,44913.04,43200.0,,,0.0,0.0,0.0,0.0,0.0,,,,16.5,39.6,352,21.16,3.27
38.3452,-0.4815,19.0,2025-03-29,3,Overcast,22.3,10.6,15.5,20.4,7.9,12.8,2025-03-29T07:51,2025-03-29T20:22,45060.17,43200.0,,,0.0,0.0,0.0,0.0,0.0,,,,19.5,43.6,344,22.05,4.54
38.3452,-0.4815,19.0,2025-03-30,0,Clear sky,18.7,8.1,14.0,16.3,4.5,11.1,2025-03-30T07:49,2025-03-30T20:23,45207.71,43200.0,,,0.0,0.0,0.0,0.0,0.0,,,,12.3,33.8,232,22.73,4.24
38.3452,-0.4815,19.0,2025-03-31,0,Clear sky,23.7,8.7,16.0,21.2,5.5,13.5,2025-03-31T07:47,2025-03-31T20:24,45355.55,43200.0,,,0.0,0.0,0.0,0.0,0.0,,,,20.2,45.4,218,22.85,4.63
38.3452,-0.4815,19.0,2025-04-01,3,Overcast,21.2,11.6,16.2,18.9,10.6,14.9,2025-04-01T07:46,2025-04-01T20:25,45503.62,40400.26,,,0.0,0.0,0.0,0.0,0.0,,,,15.4,38.2,157,22.42,3.93
38.3452,-0.4815,19.0,2025-04-02,3,Overcast,18.8,12.3,15.4,18.4,11.1,14.7,2025-04-02T07:44,2025-04-02T20:25,45651.82,37688.53,,,0.0,0.0,0.0,0.0,0.0,,,,15.2,40.3,71,21.63,3.39
38.3452,-0.4815,19.0,2025-04-03,3,Overcast,21.0,13.5,17.2,18.4,11.2,15.0,2025-04-03T07:43,2025-04-03T20:26,45800.06,38177.81,,,0.0,0.0,0.0,0.0,0.0,,,,27.5,61.9,56,19.89,4.02
38.3452,-0.4815,19.0,2025-04-04,3,Overcast,22.3,15.7,18.1,21.6,13.8,17.2,2025-04-04T07:41,2025-04-04T20:27,45948.24,43200.0,,,0.0,0.0,0.0,0.0,0.0,,,,19.5,50.8,195,20.7,3.82
38.3452,-0.4815,19.0,2025-04-05,3,Overcast,24.4,13.4,18.1,22.0,12.6,16.5,2025-04-05T07:40,2025-04-05T20:28,46096.27,43200.0,,,0.0,0.0,0.0,0.0,0.0,,,,24.8,53.6,252,22.01,4.58
38.3452,-0.4815,19.0,2025-04-06,3,Overcast,22.5,13.7,18.2,20.3,11.6,16.2,2025-04-06T07:38,2025-04-06T20:29,46244.05,43200.0,,,0.0,0.0,0.0,0.0,0.0,,,,17.2,43.2,206,21.7,4.56
38.3452,-0.4815,19.0,2025-04-07,0,Clear sky,23.3,12.9,18.0,22.5,11.1,16.7,2025-04-07T07:37,2025-04-07T20:30,46391.49,43200.0,,,0.0,0.0,0.0,0.0,0.0,,,,11.6,32.4,90,23.18,4.39
38.3452,-0.4815,19.0,2025-04-08,0,Clear sky,21.4,14.0,17.7,22.1,13.4,17.3,2025-04-08T07:35,2025-04-08T20:31,46538.49,43200.0,,,0.0,0.0,0.0,0.0,0.0,,,,13.4,35.3,101,23.62,3.95
38.3452,-0.4815,19.0,2025-04-09,3,Overcast,20.6,12.5,17.3,20.3,9.9,16.3,2025-04-09T07:34,2025-04-09T20:32,46684.95,43200.0,,,0.0,0.0,0.0,0.0,0.0,,,,14.6,38.9,69,23.93,4.17
38.3452,-0.4815,19.0,2025-04-10,3,Overcast,20.0,15.3,17.5,17.6,13.0,15.2,2025-04-10T07:32,2025-04-10T20:33,46830.76,40842.38,,,0.0,0.0,0.0,0.0,0.0,,,,28.8,65.2,77,23.07,4.19
38.3452,-0.4815,19.0,2025-04-11,51,Light drizzle,19.7,15.1,17.6,17.7,13.2,15.0,2025-04-11T07:31,2025-04-11T20:34,46975.84,36698.26,,,0.1,0.1,0.0,0.0,1.0,,,,27.9,65.2,70,17.88,3.86
38.3452,-0.4815,19.0,2025-04-12,63,Moderate rain,21.2,14.7,17.2,21.6,14.6,17.5,2025-04-12T07:29,2025-04-12T20:35,47120.07,7962.25,,,11.8,11.8,0.0,0.0,10.0,,,,16.0,36.0,212,10.34,1.99
38.3452,-0.4815,19.0,2025-04-13,55,Dense drizzle,21.5,14.1,17.3,21.4,13.9,18.0,2025-04-13T07:28,2025-04-13T20:36,47263.34,17667.62,,,2.7,2.7,0.0,0.0,8.0,,,,15.0,36.4,114,12.67,2.31
38.3452,-0.4815,19.0,2025-04-14,61,Slight rain,20.3,14.2,17.2,21.6,14.7,18.1,2025-04-14T07:26,2025-04-14T20:37,47405.55,39600.0,,,4.1,4.1,0.0,0.0,6.0,,,,12.5,33.5,139,19.99,3.14
38.3452,-0.4815,19.0,2025-04-15,55,Dense drizzle,20.9,14.3,16.6,17.7,10.6,13.9,2025-04-15T07:25,2025-04-15T20:38,47546.59,30736.24,,,1.8,1.8,0.0,0.0,4.0,,,,27.9,63.0,253,17.99,4.03
38.3452,-0.4815,19.0,2025-04-16,3,Overcast,20.6,11.2,15.8,16.0,6.9,11.2,2025-04-16T07:24,2025-04-16T20:39,47686.35,43343.71,,,0.0,0.0,0.0,0.0,0.0,,,,25.5,58.0,294,24.82,6.05
38.3452,-0.4815,19.0,2025-04-17,3,Overcast,24.4,13.9,18.2,22.3,11.9,15.7,2025-04-17T07:22,2025-04-17T20:40,47824.82,43317.61,,,0.0,0.0,0.0,0.0,0.0,,,,26.5,57.2,244,23.6,5.22
38.3452,-0.4815,19.0,2025-04-18,3,Overcast,22.8,14.5,18.1,22.0,12.5,17.1,2025-04-18T07:21,2025-04-18T20:41,47963.02,43200.0,,,0.0,0.0,0.0,0.0,0.0,,,,16.5,40.7,195,23.17,4.47
38.3452,-0.4815,19.0,2025-04-19,1,Mainly clear,23.3,13.5,18.6,18.8,12.2,15.6,2025-04-19T07:20,2025-04-19T20:41,48101.09,43709.3,,,0.0,0.0,0.0,0.0,0.0,,,,32.0,73.4,268,24.4,5.9
38.3452,-0.4815,19.0,2025-04-20,53,Moderate drizzle,19.2,11.6,15.8,16.2,8.6,12.3,2025-04-20T07:18,2025-04-20T20:42,48238.93,43645.05,,,1.3,1.3,0.0,0.0,3.0,,,,21.7,51.5,272,20.31,4.6
38.3452,-0.4815,19.0,2025-04-21,3,Overcast,23.0,12.0,17.7,21.2,8.8,15.6,2025-04-21T07:17,2025-04-21T20:43,48376.44,43882.35,,,0.0,0.0,0.0,0.0,0.0,,,,19.3,47.2,202,23.21,4.75
38.3452,-0.4815,19.0,2025-04-22,63,Moderate rain,22.0,13.0,17.2,20.9,11.8,16.3,2025-04-22T07:16,2025-04-22T20:44,48513.52,33672.67,,,5.6,5.6,0.0,0.0,4.0,,,,15.5,37.8,207,18.75,3.59
38.3452,-0.4815,19.0,2025-04-23,1,Mainly clear,20.6,11.4,16.5,21.4,10.1,16.2,2025-04-23T07:14,2025-04-23T20:45,48650.08,44059.03,,,0.0,0.0,0.0,0.0,0.0,,,,17.4,45.7,169,25.21,4.13
38.3452,-0.4815,19.0,2025-04-24,3,Overcast,22.2,12.5,17.5,23.5,12.3,17.6,2025-04-24T07:13,2025-04-24T20:46,48785.99,44602.56,,,0.0,0.0,0.0,0.0,0.0,,,,11.0,31.7,118,25.43,4.31
38.3452,-0.4815,19.0,2025-04-25,3,Overcast,23.5,14.8,18.8,22.8,13.8,18.5,2025-04-25T07:12,2025-04-25T20:47,48921.15,39979.17,,,0.0,0.0,0.0,0.0,0.0,,,,14.9,38.2,181,22.55,4.19
38.3452,-0.4815,19.0,2025-04-26,2,Partly cloudy,24.0,16.2,19.1,24.0,15.3,18.8,2025-04-26T07:10,2025-04-26T20:48,49055.46,44786.73,,,0.0,0.0,0.0,0.0,0.0,,,,23.2,51.8,131,24.34,4.23
38.3452,-0.4815,19.0,2025-04-27,53,Moderate drizzle,21.6,14.8,17.9,19.9,15.2,17.3,2025-04-27T07:09,2025-04-27T20:49,49188.81,44728.88,,,0.8,0.8,0.0,0.0,2.0,,,,17.9,47.2,91,22.83,3.98
38.3452,-0.4815,19.0,2025-04-28,0,Clear sky,20.7,12.5,17.1,20.1,10.6,15.9,2025-04-28T07:08,2025-04-28T20:50,49321.07,45585.1,,,0.0,0.0,0.0,0.0,0.0,,,,17.9,44.6,69,25.84,4.45
38.3452,-0.4815,19.0,2025-04-29,51,Light drizzle,19.7,15.9,17.7,18.0,13.7,15.5,2025-04-29T07:07,2025-04-29T20:51,49452.13,44197.62,,,0.3,0.3,0.0,0.0,1.0,,,,29.0,64.8,69,23.42,4.29
38.3452,-0.4815,19.0,2025-04-30,1,Mainly clear,22.4,16.1,19.5,19.7,14.6,17.3,2025-04-30T07:05,2025-04-30T20:52,49581.87,45169.96,,,0.0,0.0,0.0,0.0,0.0,,,,31.5,72.7,60,25.41,5.29
38.3452,-0.4815,19.0,2025-05-01,51,Light drizzle,24.3,15.9,20.2,25.4,16.3,20.2,2025-05-01T07:04,2025-05-01T20:53,49710.19,46341.95,,,0.3,0.3,0.0,0.0,1.0,,,,20.8,45.7,95,25.67,4.79
38.3452,-0.4815,19.0,2025-05-02,3,Overcast,24.7,18.8,21.1,25.4,18.1,21.1,2025-05-02T07:03,2025-05-02T20:54,49836.93,44772.53,,,0.0,0.0,0.0,0.0,0.0,,,,20.3,45.4,74,23.77,4.59
38.3452,-0.4815,19.0,2025-05-03,51,Light drizzle,22.7,16.9,19.5,24.6,16.4,20.4,2025-05-03T07:02,2025-05-03T20:55,49961.98,42014.78,,,0.1,0.1,0.0,0.0,1.0,,,,15.5,36.0,189,24.46,4.13
38.3452,-0.4815,19.0,2025-05-04,51,Light drizzle,26.1,18.1,22.1,24.4,17.1,20.5,2025-05-04T07:01,2025-05-04T20:56,50085.22,46191.74,,,0.1,0.1,0.0,0.0,1.0,,,,20.3,47.2,254,23.09,5.92
38.3452,-0.4815,19.0,2025-05-05,61,Slight rain,26.9,17.8,21.6,23.9,15.4,19.3,2025-05-05T07:00,2025-05-05T20:57,50206.5,45526.37,,,3.4,3.4,0.0,0.0,4.0,,,,19.4,48.6,267,23.03,6.06
38.3452,-0.4815,19.0,2025-05-06,51,Light drizzle,19.9,15.5,17.9,19.7,15.5,17.1,2025-05-06T06:59,2025-05-06T20:57,50325.71,45786.56,,,0.1,0.1,0.0,0.0,1.0,,,,15.0,36.7,166,21.27,3.8
38.3452,-0.4815,19.0,2025-05-07,51,Light drizzle,20.4,16.0,17.9,19.4,15.5,17.2,2025-05-07T06:58,2025-05-07T20:58,50442.81,38354.67,,,0.2,0.2,0.0,0.0,2.0,,,,15.8,39.6,71,22.65,4.0
38.3452,-0.4815,19.0,2025-05-08,51,Light drizzle,20.8,13.7,17.5,21.0,13.4,17.2,2025-05-08T06:57,2025-05-08T20:59,50558.72,34893.56,,,0.6,0.6,0.0,0.0,4.0,,,,16.5,40.7,143,21.41,3.7
38.3452,-0.4815,19.0,2025-05-09,51,Light drizzle,21.3,13.5,17.9,21.2,12.4,17.8,2025-05-09T06:56,2025-05-09T21:00,50673.57,46894.12,,,0.1,0.1,0.0,0.0,1.0,,,,13.4,37.1,119,22.78,3.97
38.3452,-0.4815,19.0,2025-05-10,51,Light drizzle,21.6,15.6,18.6,22.1,15.4,19.4,2025-05-10T06:55,2025-05-10T21:01,50787.26,41279.74,,,0.8,0.8,0.0,0.0,5.0,,,,19.9,49.3,74,22.69,3.73
38.3452,-0.4815,19.0,2025-05-11,61,Slight rain,22.6,14.9,18.4,22.6,15.7,19.2,2025-05-11T06:54,2025-05-11T21:02,50899.69,47644.44,,,2.1,2.1,0.0,0.0,2.0,,,,14.0,33.5,186,21.11,3.67
38.3452,-0.4815,19.0,2025-05-12,3,Overcast,21.9,15.0,18.7,21.9,12.0,17.9,2025-05-12T06:53,2025-05-12T21:03,51010.74,47772.69,,,0.0,0.0,0.0,0.0,0.0,,,,16.4,43.6,97,24.16,4.54
38.3452,-0.4815,19.0,2025-05-13,3,Overcast,21.4,14.0,17.9,21.4,13.4,17.6,2025-05-13T06:52,2025-05-13T21:04,51120.32,29213.96,,,0.0,0.0,0.0,0.0,0.0,,,,13.2,34.6,156,20.17,3.67
38.3452,-0.4815,19.0,2025-05-14,53,Moderate drizzle,19.9,15.5,17.5,19.1,15.5,17.7,2025-05-14T06:51,2025-05-14T21:05,51228.3,31730.72,,,2.7,2.7,0.0,0.0,12.0,,,,13.6,39.2,72,16.8,2.89
38.3452,-0.4815,19.0,2025-05-15,51,Light drizzle,21.7,14.1,17.9,21.3,13.5,17.6,2025-05-15T06:50,2025-05-15T21:06,51334.58,45762.4,,,1.0,1.0,0.0,0.0,4.0,,,,14.8,36.7,234,22.84,4.08
38.3452,-0.4815,19.0,2025-05-16,3,Overcast,24.0,14.0,19.1,24.4,13.1,18.9,2025-05-16T06:49,2025-05-16T21:07,51439.03,46911.06,,,0.0,0.0,0.0,0.0,0.0,,,,16.0,38.9,189,25.7,4.83
38.3452,-0.4815,19.0,2025-05-17,3,Overcast,23.6,15.3,19.5,24.9,15.0,19.9,2025-05-17T06:48,2025-05-17T21:07,51541.56,49922.47,,,0.0,0.0,0.0,0.0,0.0,,,,13.2,35.3,107,26.76,4.77
38.3452,-0.4815,19.0,2025-05-18,3,Overcast,24.1,16.9,20.5,24.5,14.6,20.1,2025-05-18T06:48,2025-05-18T21:08,51642.03,49979.81,,,0.0,0.0,0.0,0.0,0.0,,,,14.0,35.6,77,26.57,5.03
38.3452,-0.4815,19.0,2025-05-19,53,Moderate drizzle,24.9,16.8,20.4,25.8,15.2,20.1,2025-05-19T06:47,2025-05-19T21:09,51740.33,35324.39,,,1.2,1.2,0.0,0.0,3.0,,,,20.2,53.3,194,22.79,4.45
38.3452,-0.4815,19.0,2025-05-20,3,Overcast,24.9,15.0,20.9,25.8,12.6,20.1,2025-05-20T06:46,2025-05-20T21:10,51836.34,48175.72,,,0.0,0.0,0.0,0.0,0.0,,,,16.8,47.9,129,27.6,5.36
38.3452,-0.4815,19.0,2025-05-21,3,Overcast,25.0,15.4,20.7,25.3,13.9,20.2,2025-05-21T06:45,2025-05-21T21:11,51929.93,50183.41,,,0.0,0.0,0.0,0.0,0.0,,,,15.3,38.2,170,27.4,5.35
38.3452,-0.4815,19.0,2025-05-22,53,Moderate drizzle,23.9,16.6,20.2,23.7,16.4,19.7,2025-05-22T06:45,2025-05-22T21:12,52020.98,40654.15,,,0.9,0.9,0.0,0.0,2.0,,,,30.5,70.6,85,23.43,4.4
38.3452,-0.4815,19.0,2025-05-23,63,Moderate rain,19.9,17.1,18.8,20.4,16.6,18.5,2025-05-23T06:44,2025-05-23T21:13,52109.35,28639.01,,,8.3,8.3,0.0,0.0,6.0,,,,23.6,54.4,67,16.57,2.99
38.3452,-0.4815,19.0,2025-05-24,1,Mainly clear,24.1,13.8,19.3,24.5,12.8,18.7,2025-05-24T06:43,2025-05-24T21:13,52194.94,50400.0,,,0.0,0.0,0.0,0.0,0.0,,,,22.9,52.2,211,27.07,5.18
38.3452,-0.4815,19.0,2025-05-25,0,Clear sky,25.6,16.2,20.8,26.9,15.5,21.0,2025-05-25T06:43,2025-05-25T21:14,52277.6,50400.0,,,0.0,0.0,0.0,0.0,0.0,,,,15.1,38.2,164,27.78,5.21
38.3452,-0.4815,19.0,2025-05-26,1,Mainly clear,25.6,17.6,21.7,27.8,16.4,22.5,2025-05-26T06:42,2025-05-26T21:15,52357.22,50400.0,,,0.0,0.0,0.0,0.0,0.0,,,,11.1,31.3,101,28.03,5.31
38.3452,-0.4815,19.0,2025-05-27,3,Overcast,25.2,18.7,21.8,26.5,19.2,22.6,2025-05-27T06:42,2025-05-27T21:16,52433.73,50400.0,,,0.0,0.0,0.0,0.0,0.0,,,,12.8,36.0,81,27.93,5.29
38.3452,-0.4815,19.0,2025-05-28,2,Partly cloudy,26.1,17.7,21.9,28.1,17.1,22.8,2025-05-28T06:41,2025-05-28T21:16,52507.79,50400.0,,,0.0,0.0,0.0,0.0,0.0,,,,11.8,32.4,143,28.1,5.27
38.3452,-0.4815,19.0,2025-05-29,0,Clear sky,28.0,18.3,23.2,28.4,17.6,24.0,2025-05-29T06:41,2025-05-29T21:17,52579.48,50400.0,,,0.0,0.0,0.0,0.0,0.0,,,,13.0,34.9,136,28.26,5.6
38.3452,-0.4815,19.0,2025-05-30,3,Overcast,29.6,19.7,24.2,30.1,20.2,25.3,2025-05-30T06:40,2025-05-30T21:18,52648.73,50400.0,,,0.0,0.0,0.0,0.0,0.0,,,,10.6,30.6,134,27.91,5.68
38.3452,-0.4815,19.0,2025-05-31,3,Overcast,28.1,20.6,24.2,30.5,21.7,26.0,2025-05-31T06:40,2025-05-31T21:18,52715.48,50400.0,,,0.0,0.0,0.0,0.0,0.0,,,,9.7,29.5,131,27.16,5.36
38.3452,-0.4815,19.0,2025-06-01,3,Overcast,30.4,20.3,24.8,30.8,21.3,26.1,2025-06-01T06:39,2025-06-01T21:19,52779.65,47158.58,,,0.0,0.0,0.0,0.0,0.0,,,,12.2,33.1,133,27.94,5.84
38.3452,-0.4815,19.0,2025-06-02,3,Overcast,28.8,21.7,24.8,29.0,20.4,25.2,2025-06-02T06:39,2025-06-02T21:20,52841.17,50347.36,,,0.0,0.0,0.0,0.0,0.0,,,,22.9,51.1,88,27.54,6.05
38.3452,-0.4815,19.0,2025-06-03,55,Dense drizzle,26.8,20.4,22.8,26.9,21.3,24.3,2025-06-03T06:39,2025-06-03T21:21,52899.96,39275.88,,,2.6,2.6,0.0,0.0,4.0,,,,19.6,49.7,192,20.38,3.95
38.3452,-0.4815,19.0,2025-06-04,3,Overcast,28.5,18.5,23.5,28.8,17.0,23.9,2025-06-04T06:38,2025-06-04T21:21,52955.96,50400.0,,,0.0,0.0,0.0,0.0,0.0,,,,20.3,46.1,188,27.95,6.01
38.3452,-0.4815,19.0,2025-06-05,3,Overcast,26.7,19.4,22.6,28.8,21.7,24.7,2025-06-05T06:38,2025-06-05T21:22,53009.1,48371.57,,,0.0,0.0,0.0,0.0,0.0,,,,12.3,33.8,147,27.62,5.18
38.3452,-0.4815,19.0,2025-06-06,3,Overcast,26.7,18.9,22.8,28.9,20.2,24.6,2025-06-06T06:38,2025-06-06T21:22,53059.3,46800.0,,,0.0,0.0,0.0,0.0,0.0,,,,9.7,29.9,156,27.88,5.37
38.3452,-0.4815,19.0,2025-06-07,0,Clear sky,27.2,19.6,23.3,30.8,20.2,25.3,2025-06-07T06:38,2025-06-07T21:23,53106.49,50400.0,,,0.0,0.0,0.0,0.0,0.0,,,,10.0,31.7,175,28.48,5.45
38.3452,-0.4815,19.0,2025-06-08,3,Overcast,27.4,21.1,23.8,29.0,23.7,26.0,2025-06-08T06:38,2025-06-08T21:24,53150.61,50400.0,,,0.0,0.0,0.0,0.0,0.0,,,,20.5,49.0,89,28.19,5.31
38.3452,-0.4815,19.0,2025-06-09,3,Overcast,26.7,21.7,23.8,28.8,24.5,25.9,2025-06-09T06:38,2025-06-09T21:24,53191.59,48274.12,,,0.0,0.0,0.0,0.0,0.0,,,,16.4,41.8,73,27.45,5.29
38.3452,-0.4815,19.0,2025-06-10,3,Overcast,27.4,20.7,24.0,30.1,22.8,26.0,2025-06-10T06:37,2025-06-10T21:25,53229.35,31870.57,,,0.0,0.0,0.0,0.0,0.0,,,,12.2,36.4,69,20.45,4.23
38.3452,-0.4815,19.0,2025-06-11,3,Overcast,28.9,21.1,24.9,30.0,22.9,26.0,2025-06-11T06:37,2025-06-11T21:25,53263.83,37226.12,,,0.0,0.0,0.0,0.0,0.0,,,,16.8,43.2,74,22.88,5.24
38.3452,-0.4815,19.0,2025-06-12,3,Overcast,28.2,20.9,24.9,31.2,21.1,26.8,2025-06-12T06:37,2025-06-12T21:26,53294.96,48530.55,,,0.0,0.0,0.0,0.0,0.0,,,,11.7,33.1,112,28.06,5.63
38.3452,-0.4815,19.0,2025-06-13,3,Overcast,28.6,22.1,25.2,31.9,25.4,28.5,2025-06-13T06:37,2025-06-13T21:26,53322.69,49984.33,,,0.0,0.0,0.0,0.0,0.0,,,,16.3,41.0,95,26.65,5.23
38.3452,-0.4815,19.0,2025-06-14,3,Overcast,29.5,22.6,25.8,33.3,26.0,29.5,2025-06-14T06:37,2025-06-14T21:26,53346.93,50400.0,,,0.0,0.0,0.0,0.0,0.0,,,,13.1,36.4,107,27.63,5.58
38.3452,-0.4815,19.0,2025-06-15,3,Overcast,30.8,22.6,27.2,34.5,25.9,29.6,2025-06-15T06:37,2025-06-15T21:27,53367.64,47468.56,,,0.0,0.0,0.0,0.0,0.0,,,,19.1,46.1,107,26.15,6.01
38.3452,-0.4815,19.0,2025-06-16,3,Overcast,30.0,24.5,26.9,31.8,25.6,29.1,2025-06-16T06:37,2025-06-16T21:27,53384.76,50400.0,,,0.0,0.0,0.0,0.0,0.0,,,,29.2,62.3,93,27.82,5.86
38.3452,-0.4815,19.0,2025-06-17,3,Overcast,30.5,22.7,26.2,33.2,23.4,28.6,2025-06-17T06:37,2025-06-17T21:27,53398.42,50400.0,,,0.0,0.0,0.0,0.0,0.0,,,,13.3,38.9,132,27.97,5.82
38.3452,-0.4815,19.0,2025-06-18,3,Overcast,29.5,22.4,25.9,33.0,27.0,29.1,2025-06-18T06:38,2025-06-18T21:28,53408.65,47027.72,,,0.0,0.0,0.0,0.0,0.0,,,,12.1,33.8,124,27.05,5.53
38.3452,-0.4815,19.0,2025-06-19,3,Overcast,29.4,22.2,26.0,31.7,26.0,28.7,2025-06-19T06:38,2025-06-19T21:28,53415.49,48035.66,,,0.0,0.0,0.0,0.0,0.0,,,,13.9,38.5,141,26.57,5.54
38.3452,-0.4815,19.0,2025-06-20,3,Overcast,31.1,23.5,26.9,31.8,25.6,28.6,2025-06-20T06:38,2025-06-20T21:28,53418.95,49018.19,,,0.0,0.0,0.0,0.0,0.0,,,,12.5,34.6,160,27.44,6.02
38.3452,-0.4815,19.0,2025-06-21,3,Overcast,31.0,22.9,27.1,33.1,24.3,29.3,2025-06-21T06:38,2025-06-21T21:28,53419.04,50400.0,,,0.0,0.0,0.0,0.0,0.0,,,,14.2,37.4,149,28.06,6.05
38.3452,-0.4815,19.0,2025-06-22,2,Partly cloudy,31.9,23.9,27.6,33.6,26.2,30.0,2025-06-22T06:38,2025-06-22T21:29,53415.8,50400.0,,,0.0,0.0,0.0,0.0,0.0,,,,12.5,34.9,104,28.45,6.22
38.3452,-0.4815,19.0,2025-06-23,3,Overcast,30.8,23.0,27.2,32.9,24.8,29.5,2025-06-23T06:39,2025-06-23T21:29,53409.23,50400.0,,,0.0,0.0,0.0,0.0,0.0,,,,14.6,38.5,96,28.11,6.02
38.3452,-0.4815,19.0,2025-06-24,2,Partly cloudy,31.6,23.4,27.8,33.2,22.7,28.9,2025-06-24T06:39,2025-06-24T21:29,53399.37,50400.0,,,0.0,0.0,0.0,0.0,0.0,,,,16.7,40.3,78,29.17,6.72
38.3452,-0.4815,19.0,2025-06-25,3,Overcast,31.2,25.3,28.3,33.8,24.0,29.3,2025-06-25T06:39,2025-06-25T21:29,53386.25,49777.29,,,0.0,0.0,0.0,0.0,0.0,,,,14.0,37.4,124,27.01,6.55
38.3452,-0.4815,19.0,2025-06-26,0,Clear sky,31.7,24.3,27.6,34.6,22.9,30.3,2025-06-26T06:40,2025-06-26T21:29,53369.89,50400.0,,,0.0,0.0,0.0,0.0,0.0,,,,21.8,49.3,102,28.56,6.31
38.3452,-0.4815,19.0,2025-06-27,0,Clear sky,30.0,23.3,27.0,35.1,26.9,31.1,2025-06-27T06:40,2025-06-27T21:29,53350.32,50400.0,,,0.0,0.0,0.0,0.0,0.0,,,,11.8,33.8,135,28.26,5.76
38.3452,-0.4815,19.0,2025-06-28,0,Clear sky,31.7,23.4,27.9,34.5,25.8,30.4,2025-06-28T06:40,2025-06-28T21:29,53327.58,50400.0,,,0.0,0.0,0.0,0.0,0.0,,,,14.6,38.2,175,28.35,6.22
38.3452,-0.4815,19.0,2025-06-29,0,Clear sky,32.9,24.8,28.9,35.0,24.2,30.3,2025-06-29T06:41,2025-06-29T21:29,53301.68,50400.0,,,0.0,0.0,0.0,0.0,0.0,,,,11.0,33.1,177,28.31,6.54
38.3452,-0.4815,19.0,2025-06-30,2,Partly cloudy,32.5,24.3,28.6,35.5,25.3,31.0,2025-06-30T06:41,2025-06-30T21:29,53272.68,50400.0,,,0.0,0.0,0.0,0.0,0.0,,,,11.1,32.8,135,27.63,6.13
38.3452,-0.4815,19.0,2025-07-01,1,Mainly clear,33.3,24.8,28.6,35.2,27.6,31.3,2025-07-01T06:42,2025-07-01T21:29,53240.58,50400.0,,,0.0,0.0,0.0,0.0,0.0,,,,12.0,33.5,93,27.82,6.2
38.3452,-0.4815,19.0,2025-07-02,3,Overcast,31.6,23.7,28.3,36.4,25.2,31.5,2025-07-02T06:42,2025-07-02T21:29,53205.46,50400.0,,,0.0,0.0,0.0,0.0,0.0,,,,12.1,36.4,133,25.97,5.71
38.3452,-0.4815,19.0,2025-07-03,3,Overcast,31.3,25.2,28.3,35.7,29.0,32.6,2025-07-03T06:43,2025-07-03T21:29,53167.31,50400.0,,,0.0,0.0,0.0,0.0,0.0,,,,15.7,41.4,84,26.38,5.65
38.3452,-0.4815,19.0,2025-07-04,1,Mainly clear,32.2,24.2,28.4,36.4,24.2,31.8,2025-07-04T06:43,2025-07-04T21:29,53126.2,50400.0,,,0.0,0.0,0.0,0.0,0.0,,,,12.5,34.6,96,27.9,6.1
38.3452,-0.4815,19.0,2025-07-05,0,Clear sky,31.8,24.8,28.2,35.8,27.2,32.3,2025-07-05T06:44,2025-07-05T21:28,53082.15,50400.0,,,0.0,0.0,0.0,0.0,0.0,,,,11.3,33.5,117,27.99,5.89
38.3452,-0.4815,19.0,2025-07-06,1,Mainly clear,32.9,24.0,28.4,35.2,25.8,31.5,2025-07-06T06:44,2025-07-06T21:28,53035.15,50400.0,,,0.0,0.0,0.0,0.0,0.0,,,,13.9,37.1,151,27.77,6.19
38.3452,-0.4815,19.0,2025-07-07,1,Mainly clear,31.1,24.9,28.1,36.7,28.9,32.8,2025-07-07T06:45,2025-07-07T21:28,52984.74,50400.0,,,0.0,0.0,0.0,0.0,0.0,,,,14.4,38.5,150,26.66,5.55
38.3452,-0.4815,19.0,2025-07-08,53,Moderate drizzle,29.9,26.8,28.3,33.9,27.5,31.1,2025-07-08T06:46,2025-07-08T21:28,52930.9,48175.31,,,1.3,1.3,0.0,0.0,4.0,,,,21.3,50.8,78,24.98,6.0
38.3452,-0.4815,19.0,2025-07-09,53,Moderate drizzle,28.7,25.8,27.1,32.7,29.8,30.9,2025-07-09T06:46,2025-07-09T21:27,52873.76,30524.48,,,5.1,5.1,0.0,0.0,13.0,,,,12.5,29.9,123,16.9,3.84
38.3452,-0.4815,19.0,2025-07-10,3,Overcast,30.1,23.6,27.1,35.0,27.5,31.0,2025-07-10T06:47,2025-07-10T21:27,52813.4,50400.0,,,0.0,0.0,0.0,0.0,0.0,,,,12.0,35.3,154,26.4,5.42
38.3452,-0.4815,19.0,2025-07-11,3,Overcast,29.9,23.8,27.1,34.6,27.2,31.4,2025-07-11T06:47,2025-07-11T21:27,52749.95,49942.64,,,0.0,0.0,0.0,0.0,0.0,,,,14.5,38.5,142,26.59,5.42
38.3452,-0.4815,19.0,2025-07-12,3,Overcast,33.4,24.1,27.9,34.5,28.1,30.8,2025-07-12T06:48,2025-07-12T21:26,52683.5,50400.0,,,0.0,0.0,0.0,0.0,0.0,,,,24.5,56.9,149,26.48,5.97
38.3452,-0.4815,19.0,2025-07-13,1,Mainly clear,29.7,23.2,26.6,33.6,25.9,30.0,2025-07-13T06:49,2025-07-13T21:26,52614.17,50120.53,,,0.0,0.0,0.0,0.0,0.0,,,,12.0,34.2,90,27.77,5.74
38.3452,-0.4815,19.0,2025-07-14,3,Overcast,30.9,24.2,27.3,32.4,26.9,29.6,2025-07-14T06:50,2025-07-14T21:25,52542.06,47195.81,,,0.0,0.0,0.0,0.0,0.0,,,,26.0,60.1,77,25.53,5.72
38.3452,-0.4815,19.0,2025-07-15,0,Clear sky,30.3,23.4,27.1,34.9,27.0,31.1,2025-07-15T06:50,2025-07-15T21:25,52467.28,50400.0,,,0.0,0.0,0.0,0.0,0.0,,,,12.8,35.3,101,27.21,5.58
38.3452,-0.4815,19.0,2025-07-16,1,Mainly clear,30.4,24.4,27.6,35.4,29.2,31.9,2025-07-16T06:51,2025-07-16T21:24,52389.94,50400.0,,,0.0,0.0,0.0,0.0,0.0,,,,12.5,34.9,143,27.28,5.65
38.3452,-0.4815,19.0,2025-07-17,1,Mainly clear,31.3,24.7,28.1,35.0,26.7,31.2,2025-07-17T06:52,2025-07-17T21:23,52310.14,50400.0,,,0.0,0.0,0.0,0.0,0.0,,,,15.1,38.9,196,27.18,6.15
38.3452,-0.4815,19.0,2025-07-18,3,Overcast,31.1,24.6,28.0,37.3,29.1,33.1,2025-07-18T06:53,2025-07-18T21:23,52227.99,50198.97,,,0.0,0.0,0.0,0.0,0.0,,,,12.6,35.6,157,26.59,5.49
38.3452,-0.4815,19.0,2025-07-19,1,Mainly clear,37.6,25.1,30.4,37.4,24.5,31.3,2025-07-19T06:53,2025-07-19T21:22,52143.58,50400.0,,,0.0,0.0,0.0,0.0,0.0,,,,24.7,56.2,210,28.1,7.49
38.3452,-0.4815,19.0,2025-07-20,0,Clear sky,32.7,24.3,28.6,35.1,23.5,31.0,2025-07-20T06:54,2025-07-20T21:22,52057.03,50400.0,,,0.0,0.0,0.0,0.0,0.0,,,,15.5,40.3,141,27.74,6.37
38.3452,-0.4815,19.0,2025-07-21,0,Clear sky,32.5,25.8,28.9,34.9,26.3,30.7,2025-07-21T06:55,2025-07-21T21:21,51968.43,50400.0,,,0.0,0.0,0.0,0.0,0.0,,,,20.9,49.7,128,27.47,6.47
38.3452,-0.4815,19.0,2025-07-22,3,Overcast,30.1,25.7,27.7,34.4,26.7,30.5,2025-07-22T06:56,2025-07-22T21:20,51877.89,50355.12,,,0.0,0.0,0.0,0.0,0.0,,,,16.4,41.0,79,26.38,5.87
38.3452,-0.4815,19.0,2025-07-23,3,Overcast,30.3,24.7,27.4,34.7,26.6,30.9,2025-07-23T06:57,2025-07-23T21:19,51785.5,48957.09,,,0.0,0.0,0.0,0.0,0.0,,,,14.4,37.8,155,25.45,5.31
38.3452,-0.4815,19.0,2025-07-24,53,Moderate drizzle,29.2,23.7,26.6,31.0,24.4,28.4,2025-07-24T06:57,2025-07-24T21:19,51691.36,28696.59,,,1.4,1.4,0.0,0.0,5.0,,,,29.0,64.8,67,17.92,4.66
38.3452,-0.4815,19.0,2025-07-25,65,Heavy rain,26.9,21.5,24.2,29.0,24.2,25.8,2025-07-25T06:58,2025-07-25T21:18,51595.58,46800.0,,,16.5,16.5,0.0,0.0,10.0,,,,25.2,56.9,66,24.08,4.84
38.3452,-0.4815,19.0,2025-07-26,1,Mainly clear,27.7,20.3,24.4,30.0,21.4,26.4,2025-07-26T06:59,2025-07-26T21:17,51498.13,49550.18,,,0.0,0.0,0.0,0.0,0.0,,,,14.7,37.1,185,26.54,5.32
38.3452,-0.4815,19.0,2025-07-27,2,Partly cloudy,29.8,21.6,25.8,32.0,22.8,28.1,2025-07-27T07:00,2025-07-27T21:16,51398.2,49565.99,,,0.0,0.0,0.0,0.0,0.0,,,,17.1,42.1,203,26.89,5.7
38.3452,-0.4815,19.0,2025-07-28,0,Clear sky,29.9,24.2,26.8,32.3,26.6,29.2,2025-07-28T07:01,2025-07-28T21:15,51295.72,49581.99,,,0.0,0.0,0.0,0.0,0.0,,,,23.2,54.7,82,26.31,5.83
38.3452,-0.4815,19.0,2025-07-29,53,Moderate drizzle,28.6,23.9,26.2,29.6,26.5,27.7,2025-07-29T07:01,2025-07-29T21:14,51190.81,42597.85,,,2.0,2.0,0.0,0.0,9.0,,,,16.0,35.3,80,18.23,4.68
38.3452,-0.4815,19.0,2025-07-30,3,Overcast,28.8,23.1,26.0,31.1,24.6,27.7,2025-07-30T07:02,2025-07-30T21:14,51083.62,48043.71,,,0.0,0.0,0.0,0.0,0.0,,,,16.5,41.4,94,24.09,5.24
38.3452,-0.4815,19.0,2025-07-31,0,Clear sky,28.7,22.1,25.6,30.7,23.1,27.0,2025-07-31T07:03,2025-07-31T21:13,50974.28,49004.03,,,0.0,0.0,0.0,0.0,0.0,,,,15.7,40.7,65,26.2,5.72
38.3452,-0.4815,19.0,2025-08-01,3,Overcast,29.2,22.5,25.9,32.1,21.5,27.2,2025-08-01T07:04,2025-08-01T21:12,50862.9,47162.85,,,0.0,0.0,0.0,0.0,0.0,,,,16.8,42.5,71,25.79,5.78
38.3452,-0.4815,19.0,2025-08-02,2,Partly cloudy,29.4,21.5,25.9,32.8,23.2,28.3,2025-08-02T07:05,2025-08-02T21:11,50749.64,48727.89,,,0.0,0.0,0.0,0.0,0.0,,,,11.4,33.1,91,26.1,5.46
38.3452,-0.4815,19.0,2025-08-03,2,Partly cloudy,29.2,23.7,26.4,31.8,26.8,29.1,2025-08-03T07:06,2025-08-03T21:09,50634.59,48746.81,,,0.0,0.0,0.0,0.0,0.0,,,,20.1,50.8,75,25.98,5.46
38.3452,-0.4815,19.0,2025-08-04,1,Mainly clear,29.3,23.9,26.6,32.3,26.8,29.0,2025-08-04T07:07,2025-08-04T21:08,50517.9,48143.81,,,0.0,0.0,0.0,0.0,0.0,,,,12.7,34.9,78,25.94,5.57
38.3452,-0.4815,19.0,2025-08-05,0,Clear sky,30.7,23.0,26.9,34.2,24.2,29.2,2025-08-05T07:07,2025-08-05T21:07,50399.68,48474.65,,,0.0,0.0,0.0,0.0,0.0,,,,10.4,31.3,118,26.16,5.55
38.3452,-0.4815,19.0,2025-08-06,3,Overcast,31.6,23.8,27.6,33.7,22.8,29.7,2025-08-06T07:08,2025-08-06T21:06,50280.05,48184.81,,,0.0,0.0,0.0,0.0,0.0,,,,11.2,31.0,113,26.16,5.74
38.3452,-0.4815,19.0,2025-08-07,0,Clear sky,30.7,24.3,27.3,34.4,25.8,30.4,2025-08-07T07:09,2025-08-07T21:05,50159.12,48205.46,,,0.0,0.0,0.0,0.0,0.0,,,,13.7,36.7,88,26.16,5.62
38.3452,-0.4815,19.0,2025-08-08,3,Overcast,30.9,25.2,27.8,34.1,25.2,30.1,2025-08-08T07:10,2025-08-08T21:04,50037.01,47273.29,,,0.0,0.0,0.0,0.0,0.0,,,,15.5,39.6,81,25.82,5.65
38.3452,-0.4815,19.0,2025-08-09,2,Partly cloudy,31.2,25.3,28.0,33.9,25.7,30.2,2025-08-09T07:11,2025-08-09T21:03,49913.84,47842.22,,,0.0,0.0,0.0,0.0,0.0,,,,12.8,35.3,86,25.69,5.63
38.3452,-0.4815,19.0,2025-08-10,0,Clear sky,30.6,24.0,27.3,33.0,26.0,30.0,2025-08-10T07:12,2025-08-10T21:02,49789.71,47485.86,,,0.0,0.0,0.0,0.0,0.0,,,,14.3,37.8,75,25.58,5.46
38.3452,-0.4815,19.0,2025-08-11,1,Mainly clear,33.2,23.7,28.6,36.5,24.5,30.8,2025-08-11T07:13,2025-08-11T21:00,49664.72,47436.56,,,0.0,0.0,0.0,0.0,0.0,,,,11.9,33.5,181,24.02,5.5
38.3452,-0.4815,19.0,2025-08-12,3,Overcast,32.6,25.7,28.7,35.7,29.4,32.1,2025-08-12T07:14,2025-08-12T20:59,49538.99,45504.48,,,0.0,0.0,0.0,0.0,0.0,,,,12.2,33.5,154,23.85,5.22
38.3452,-0.4815,19.0,2025-08-13,3,Overcast,33.1,24.3,28.5,34.5,28.1,31.4,2025-08-13T07:15,2025-08-13T20:58,49412.62,46470.5,,,0.0,0.0,0.0,0.0,0.0,,,,12.4,33.1,130,24.36,5.45
38.3452,-0.4815,19.0,2025-08-14,0,Clear sky,31.7,24.4,28.4,34.8,24.5,31.2,2025-08-14T07:15,2025-08-14T20:57,49285.71,46522.49,,,0.0,0.0,0.0,0.0,0.0,,,,12.9,35.6,102,25.08,5.5
38.3452,-0.4815,19.0,2025-08-15,0,Clear sky,33.7,23.5,28.8,35.8,23.2,30.4,2025-08-15T07:16,2025-08-15T20:55,49158.23,46575.02,,,0.0,0.0,0.0,0.0,0.0,,,,12.0,32.8,126,25.47,5.9
38.3452,-0.4815,19.0,2025-08-16,1,Mainly clear,38.0,24.6,30.0,38.1,23.2,30.9,2025-08-16T07:17,2025-08-16T20:54,49029.26,46022.44,,,0.0,0.0,0.0,0.0,0.0,,,,20.9,46.4,202,25.27,6.79
38.3452,-0.4815,19.0,2025-08-17,2,Partly cloudy,37.3,25.0,31.4,39.2,25.3,33.5,2025-08-17T07:18,2025-08-17T20:53,48898.66,45472.05,,,0.0,0.0,0.0,0.0,0.0,,,,18.4,43.2,189,24.16,6.52
38.3452,-0.4815,19.0,2025-08-18,3,Overcast,38.1,27.4,32.1,39.0,26.5,33.0,2025-08-18T07:19,2025-08-18T20:52,48766.57,44321.43,,,0.0,0.0,0.0,0.0,0.0,,,,14.0,37.8,131,24.25,6.55
38.3452,-0.4815,19.0,2025-08-19,3,Overcast,30.9,27.1,29.1,35.6,30.1,33.0,2025-08-19T07:20,2025-08-19T20:50,48633.08,40838.51,,,0.0,0.0,0.0,0.0,0.0,,,,16.3,41.8,91,21.34,4.91
38.3452,-0.4815,19.0,2025-08-20,51,Light drizzle,29.7,23.7,26.8,33.1,27.1,30.5,2025-08-20T07:21,2025-08-20T20:49,48498.34,44140.8,,,0.8,0.8,0.0,0.0,5.0,,,,15.6,39.2,107,21.58,4.59
38.3452,-0.4815,19.0,2025-08-21,51,Light drizzle,30.1,23.4,26.9,31.6,26.3,29.0,2025-08-21T07:22,2025-08-21T20:47,48362.43,44008.96,,,0.2,0.2,0.0,0.0,2.0,,,,13.8,36.0,94,21.91,5.03
38.3452,-0.4815,19.0,2025-08-22,1,Mainly clear,29.8,24.2,27.1,32.6,26.1,29.7,2025-08-22T07:22,2025-08-22T20:46,48225.49,44047.56,,,0.0,0.0,0.0,0.0,0.0,,,,14.2,39.2,90,22.69,4.93
38.3452,-0.4815,19.0,2025-08-23,3,Overcast,29.6,23.2,26.7,32.3,24.9,29.3,2025-08-23T07:23,2025-08-23T20:45,48087.6,43200.0,,,0.0,0.0,0.0,0.0,0.0,,,,13.6,36.4,87,23.6,5.09
38.3452,-0.4815,19.0,2025-08-24,3,Overcast,31.3,25.2,27.7,33.7,26.9,30.6,2025-08-24T07:24,2025-08-24T20:43,47948.88,40638.71,,,0.0,0.0,0.0,0.0,0.0,,,,13.9,36.0,95,23.46,5.3
38.3452,-0.4815,19.0,2025-08-25,3,Overcast,32.1,26.3,28.8,33.5,25.5,30.0,2025-08-25T07:25,2025-08-25T20:42,47809.43,40208.43,,,0.0,0.0,0.0,0.0,0.0,,,,26.0,59.4,74,23.01,6.02
38.3452,-0.4815,19.0,2025-08-26,1,Mainly clear,30.8,24.4,28.0,35.3,27.2,31.8,2025-08-26T07:26,2025-08-26T20:40,47669.36,43610.5,,,0.0,0.0,0.0,0.0,0.0,,,,16.6,42.5,84,22.89,4.92
38.3452,-0.4815,19.0,2025-08-27,1,Mainly clear,32.4,23.8,27.6,35.4,26.5,31.3,2025-08-27T07:27,2025-08-27T20:39,47528.76,43354.41,,,0.0,0.0,0.0,0.0,0.0,,,,22.7,53.3,185,22.8,4.93
38.3452,-0.4815,19.0,2025-08-28,3,Overcast,36.4,24.8,29.2,34.7,26.7,30.8,2025-08-28T07:28,2025-08-28T20:37,47387.74,39409.18,,,0.0,0.0,0.0,0.0,0.0,,,,18.5,43.2,233,23.2,6.29
38.3452,-0.4815,19.0,2025-08-29,3,Overcast,34.8,23.4,28.0,32.3,20.8,26.5,2025-08-29T07:29,2025-08-29T20:36,47246.39,43200.0,,,0.0,0.0,0.0,0.0,0.0,,,,25.2,55.1,242,23.47,6.91
38.3452,-0.4815,19.0,2025-08-30,3,Overcast,31.8,22.6,27.8,32.6,21.8,27.7,2025-08-30T07:30,2025-08-30T20:34,47104.79,43200.0,,,0.0,0.0,0.0,0.0,0.0,,,,16.0,39.6,168,23.23,6.07
38.3452,-0.4815,19.0,2025-08-31,3,Overcast,30.2,22.8,26.6,32.3,22.2,28.3,2025-08-31T07:30,2025-08-31T20:33,46963.06,43200.0,,,0.0,0.0,0.0,0.0,0.0,,,,13.6,36.4,175,23.42,5.08
38.3452,-0.4815,19.0,2025-09-01,3,Overcast,32.9,24.4,28.2,30.7,23.4,27.3,2025-09-01T07:31,2025-09-01T20:31,46821.28,42402.61,,,0.0,0.0,0.0,0.0,0.0,,,,19.0,45.7,286,23.55,6.49
38.3452,-0.4815,19.0,2025-09-02,3,Overcast,28.8,20.8,25.2,29.9,19.1,25.5,2025-09-02T07:32,2025-09-02T20:30,46679.54,41942.39,,,0.0,0.0,0.0,0.0,0.0,,,,14.3,37.4,58,21.63,5.02
38.3452,-0.4815,19.0,2025-09-03,2,Partly cloudy,29.8,20.0,25.0,29.9,19.1,25.5,2025-09-03T07:33,2025-09-03T20:28,46537.93,43200.0,,,0.0,0.0,0.0,0.0,0.0,,,,16.3,40.3,176,23.12,4.96
38.3452,-0.4815,19.0,2025-09-04,3,Overcast,29.9,21.1,25.6,31.5,20.3,26.7,2025-09-04T07:34,2025-09-04T20:27,46396.42,43200.0,,,0.0,0.0,0.0,0.0,0.0,,,,16.2,40.3,191,22.69,5.09
38.3452,-0.4815,19.0,2025-09-05,3,Overcast,28.0,22.9,25.7,28.9,25.0,27.3,2025-09-05T07:35,2025-09-05T20:25,46254.06,43200.0,,,0.0,0.0,0.0,0.0,0.0,,,,27.3,62.3,75,21.92,4.92
38.3452,-0.4815,19.0,2025-09-06,3,Overcast,28.1,23.0,25.6,29.6,24.6,27.5,2025-09-06T07:36,2025-09-06T20:24,46110.7,34800.08,,,0.0,0.0,0.0,0.0,0.0,,,,20.8,49.3,66,14.45,3.73
38.3452,-0.4815,19.0,2025-09-07,3,Overcast,29.8,23.1,26.2,33.3,25.4,29.8,2025-09-07T07:36,2025-09-07T20:22,45966.44,38971.24,,,0.0,0.0,0.0,0.0,0.0,,,,14.1,36.0,187,16.68,3.59
38.3452,-0.4815,19.0,2025-09-08,3,Overcast,31.3,23.9,27.3,34.9,27.6,31.0,2025-09-08T07:37,2025-09-08T20:21,45821.39,36000.0,,,0.0,0.0,0.0,0.0,0.0,,,,12.6,36.0,154,18.08,3.98
38.3452,-0.4815,19.0,2025-09-09,61,Slight rain,26.3,23.7,24.7,31.7,26.5,28.1,2025-09-09T07:38,2025-09-09T20:19,45675.62,2277.12,,,3.1,3.1,0.0,0.0,7.0,,,,12.8,32.4,105,9.34,2.09
38.3452,-0.4815,19.0,2025-09-10,3,Overcast,31.7,19.3,25.2,31.1,20.7,26.6,2025-09-10T07:39,2025-09-10T20:18,45529.25,43200.0,,,0.0,0.0,0.0,0.0,0.0,,,,18.8,37.8,216,21.65,5.12
38.3452,-0.4815,19.0,2025-09-11,0,Clear sky,33.1,23.1,26.7,34.5,22.2,27.2,2025-09-11T07:40,2025-09-11T20:16,45382.36,43200.0,,,0.0,0.0,0.0,0.0,0.0,,,,21.2,50.0,260,21.39,5.61
38.3452,-0.4815,19.0,2025-09-12,2,Partly cloudy,29.0,22.3,25.5,32.3,23.5,28.1,2025-09-12T07:41,2025-09-12T20:15,45235.05,43200.0,,,0.0,0.0,0.0,0.0,0.0,,,,10.2,29.5,81,20.67,4.33
38.3452,-0.4815,19.0,2025-09-13,3,Overcast,29.1,20.9,25.4,32.5,21.3,28.0,2025-09-13T07:42,2025-09-13T20:13,45087.4,43200.0,,,0.0,0.0,0.0,0.0,0.0,,,,10.5,29.9,111,19.73,4.14
38.3452,-0.4815,19.0,2025-09-14,3,Overcast,29.5,21.6,25.4,32.5,23.3,28.6,2025-09-14T07:43,2025-09-14T20:11,44939.51,43200.0,,,0.0,0.0,0.0,0.0,0.0,,,,15.7,40.0,67,19.95,4.05
38.3452,-0.4815,19.0,2025-09-15,0,Clear sky,28.4,21.9,25.6,31.9,24.4,28.7,2025-09-15T07:43,2025-09-15T20:10,44791.46,43200.0,,,0.0,0.0,0.0,0.0,0.0,,,,13.1,34.9,78,20.48,4.13
38.3452,-0.4815,19.0,2025-09-16,1,Mainly clear,28.3,22.3,25.3,31.2,25.5,28.3,2025-09-16T07:44,2025-09-16T20:08,44643.35,43200.0,,,0.0,0.0,0.0,0.0,0.0,,,,15.4,39.2,73,20.11,4.08
38.3452,-0.4815,19.0,2025-09-17,0,Clear sky,29.1,22.4,25.4,32.0,22.0,28.0,2025-09-17T07:45,2025-09-17T20:07,44495.26,43200.0,,,0.0,0.0,0.0,0.0,0.0,,,,11.0,31.3,107,20.39,4.09
38.3452,-0.4815,19.0,2025-09-18,0,Clear sky,28.7,22.0,25.2,32.7,21.8,28.1,2025-09-18T07:46,2025-09-18T20:05,44347.29,43200.0,,,0.0,0.0,0.0,0.0,0.0,,,,11.1,31.3,83,20.26,4.05
38.3452,-0.4815,19.0,2025-09-19,1,Mainly clear,28.5,21.2,25.0,31.5,22.8,27.5,2025-09-19T07:47,2025-09-19T20:03,44199.5,43150.85,,,0.0,0.0,0.0,0.0,0.0,,,,13.1,34.6,61,19.81,4.17
38.3452,-0.4815,19.0,2025-09-20,51,Light drizzle,28.1,21.9,25.2,31.0,24.1,27.9,2025-09-20T07:48,2025-09-20T20:02,44052.01,41981.73,,,0.1,0.1,0.0,0.0,1.0,,,,12.5,34.2,60,17.36,3.66
38.3452,-0.4815,19.0,2025-09-21,51,Light drizzle,29.6,21.7,25.4,31.9,24.0,28.2,2025-09-21T07:49,2025-09-21T20:00,43904.89,37435.49,,,0.1,0.1,0.0,0.0,1.0,,,,15.5,38.5,213,14.9,3.4
38.3452,-0.4815,19.0,2025-09-22,2,Partly cloudy,25.7,18.7,23.4,28.9,16.5,22.6,2025-09-22T07:50,2025-09-22T19:59,43758.22,42868.09,,,0.0,0.0,0.0,0.0,0.0,,,,17.8,43.9,76,19.72,4.7
38.3452,-0.4815,19.0,2025-09-23,51,Light drizzle,25.0,19.8,22.3,24.4,19.6,21.6,2025-09-23T07:50,2025-09-23T19:57,43612.1,40301.78,,,0.4,0.4,0.0,0.0,3.0,,,,17.0,40.7,50,16.46,4.13
38.3452,-0.4815,19.0,2025-09-24,3,Overcast,24.1,19.2,21.6,24.0,18.0,20.8,2025-09-24T07:51,2025-09-24T19:56,43466.49,40996.04,,,0.0,0.0,0.0,0.0,0.0,,,,14.1,34.2,60,16.04,3.95
38.3452,-0.4815,19.0,2025-09-25,3,Overcast,24.9,19.0,21.9,24.3,18.1,21.4,2025-09-25T07:52,2025-09-25T19:54,43320.4,42512.51,,,0.0,0.0,0.0,0.0,0.0,,,,14.7,39.2,58,18.23,4.19
38.3452,-0.4815,19.0,2025-09-26,2,Partly cloudy,26.1,17.1,21.8,26.7,16.8,22.2,2025-09-26T07:53,2025-09-26T19:52,43173.67,42266.92,,,0.0,0.0,0.0,0.0,0.0,,,,16.1,37.1,210,17.65,3.77
38.3452,-0.4815,19.0,2025-09-27,3,Overcast,27.2,17.9,22.5,28.3,18.4,23.8,2025-09-27T07:54,2025-09-27T19:51,43026.39,39600.0,,,0.0,0.0,0.0,0.0,0.0,,,,17.6,42.8,209,18.75,3.77
38.3452,-0.4815,19.0,2025-09-28,51,Light drizzle,27.1,20.3,23.4,28.9,20.5,24.9,2025-09-28T07:55,2025-09-28T19:49,42878.68,37882.03,,,0.3,0.3,0.0,0.0,2.0,,,,14.3,34.9,162,17.11,3.49
38.3452,-0.4815,19.0,2025-09-29,63,Moderate rain,23.7,18.7,21.2,25.4,19.9,22.6,2025-09-29T07:56,2025-09-29T19:48,42730.61,13825.57,,,15.4,15.4,0.0,0.0,21.0,,,,22.2,43.9,68,10.14,2.13
38.3452,-0.4815,19.0,2025-09-30,63,Moderate rain,22.9,18.6,20.6,25.3,20.7,22.7,2025-09-30T07:57,2025-09-30T19:46,42582.29,28800.0,,,12.7,12.7,0.0,0.0,13.0,,,,13.1,31.7,132,12.84,2.32
38.3452,-0.4815,19.0,2025-10-01,1,Mainly clear,24.9,18.7,21.7,26.2,19.6,23.0,2025-10-01T07:58,2025-10-01T19:45,42433.81,40617.88,,,0.0,0.0,0.0,0.0,0.0,,,,12.5,31.0,41,17.27,3.25
38.3452,-0.4815,19.0,2025-10-02,2,Partly cloudy,24.9,17.5,21.2,26.9,18.3,22.6,2025-10-02T07:58,2025-10-02T19:43,42285.26,40221.81,,,0.0,0.0,0.0,0.0,0.0,,,,15.2,34.9,233,16.83,3.12
38.3452,-0.4815,19.0,2025-10-03,3,Overcast,24.7,18.0,21.2,27.9,19.1,23.4,2025-10-03T07:59,2025-10-03T19:41,42136.75,39363.15,,,0.0,0.0,0.0,0.0,0.0,,,,8.0,23.0,253,17.09,3.0
38.3452,-0.4815,19.0,2025-10-04,3,Overcast,24.8,19.1,21.9,28.5,20.9,24.7,2025-10-04T08:00,2025-10-04T19:40,41988.37,37027.22,,,0.0,0.0,0.0,0.0,0.0,,,,9.2,26.6,76,16.8,2.96
38.3452,-0.4815,19.0,2025-10-05,51,Light drizzle,25.5,19.3,22.1,25.1,18.5,21.7,2025-10-05T08:01,2025-10-05T19:38,41840.2,39705.28,,,0.1,0.1,0.0,0.0,1.0,,,,28.6,63.4,66,17.37,3.95
38.3452,-0.4815,19.0,2025-10-06,55,Dense drizzle,22.7,20.0,21.4,24.1,21.2,22.4,2025-10-06T08:02,2025-10-06T19:37,41692.37,8040.22,,,4.9,4.9,0.0,0.0,14.0,,,,19.2,37.1,77,6.87,1.75
38.3452,-0.4815,19.0,2025-10-07,3,Overcast,24.5,16.8,20.7,25.6,17.2,21.6,2025-10-07T08:03,2025-10-07T19:35,41544.95,39140.69,,,0.0,0.0,0.0,0.0,0.0,,,,14.2,35.3,244,16.72,3.1
38.3452,-0.4815,19.0,2025-10-08,3,Overcast,24.5,17.7,20.7,26.1,18.7,22.3,2025-10-08T08:04,2025-10-08T19:34,41398.06,32772.17,,,0.0,0.0,0.0,0.0,0.0,,,,11.4,29.9,217,14.0,2.56
38.3452,-0.4815,19.0,2025-10-09,65,Heavy rain,21.3,18.7,19.6,23.3,19.2,21.1,2025-10-09T08:05,2025-10-09T19:32,41251.78,9463.16,,,15.3,15.3,0.0,0.0,12.0,,,,14.7,34.2,47,6.88,1.29
38.3452,-0.4815,19.0,2025-10-10,63,Moderate rain,21.6,17.3,19.1,20.7,17.2,19.1,2025-10-10T08:06,2025-10-10T19:31,41106.24,7102.94,,,31.4,31.4,0.0,0.0,15.0,,,,20.4,40.7,41,5.06,1.39
38.3452,-0.4815,19.0,2025-10-11,53,Moderate drizzle,22.7,16.5,19.7,23.6,17.3,20.5,2025-10-11T08:07,2025-10-11T19:29,40961.51,29528.76,,,1.8,1.8,0.0,0.0,5.0,,,,21.0,43.9,44,12.12,2.38
38.3452,-0.4815,19.0,2025-10-12,51,Light drizzle,24.9,18.0,21.1,26.2,18.6,21.4,2025-10-12T08:08,2025-10-12T19:28,40817.71,36669.58,,,0.1,0.1,0.0,0.0,1.0,,,,26.4,57.6,48,15.15,3.11
38.3452,-0.4815,19.0,2025-10-13,63,Moderate rain,23.5,19.1,21.0,25.3,20.2,22.2,2025-10-13T08:09,2025-10-13T19:26,40674.95,22013.37,,,7.0,7.0,0.0,0.0,2.0,,,,19.5,45.4,27,10.11,1.98
38.3452,-0.4815,19.0,2025-10-14,51,Light drizzle,24.8,17.5,21.0,26.9,19.1,22.5,2025-10-14T08:10,2025-10-14T19:25,40533.2,38236.87,,,0.1,0.1,0.0,0.0,1.0,,,,12.5,24.1,351,15.0,2.78
38.3452,-0.4815,19.0,2025-10-15,51,Light drizzle,23.1,17.0,19.9,25.1,18.0,21.6,2025-10-15T08:11,2025-10-15T19:24,40391.35,37669.91,,,0.6,0.6,0.0,0.0,3.0,,,,9.5,31.7,53,13.77,2.39
38.3452,-0.4815,19.0,2025-10-16,3,Overcast,22.7,15.5,19.3,24.1,15.8,20.5,2025-10-16T08:12,2025-10-16T19:22,40249.25,31801.63,,,0.0,0.0,0.0,0.0,0.0,,,,8.6,23.4,15,12.91,2.28
38.3452,-0.4815,19.0,2025-10-17,51,Light drizzle,23.3,15.4,19.3,24.9,15.5,20.3,2025-10-17T08:13,2025-10-17T19:21,40107.0,36000.0,,,0.3,0.3,0.0,0.0,1.0,,,,9.4,25.6,16,14.53,2.57
38.3452,-0.4815,19.0,2025-10-18,61,Slight rain,23.1,15.6,19.2,24.5,15.5,19.9,2025-10-18T08:14,2025-10-18T19:20,39964.72,36867.09,,,1.7,1.7,0.0,0.0,3.0,,,,8.7,25.2,5,13.99,2.48
38.3452,-0.4815,19.0,2025-10-19,3,Overcast,22.8,14.5,18.3,23.9,14.2,19.0,2025-10-19T08:15,2025-10-19T19:18,39822.52,35212.06,,,0.0,0.0,0.0,0.0,0.0,,,,10.4,26.3,286,15.07,2.59
38.3452,-0.4815,19.0,2025-10-20,3,Overcast,25.3,16.1,20.4,26.2,16.0,20.9,2025-10-20T08:16,2025-10-20T19:17,39680.53,36935.61,,,0.0,0.0,0.0,0.0,0.0,,,,19.5,42.5,243,14.01,2.81
38.3452,-0.4815,19.0,2025-10-21,3,Overcast,29.2,19.2,23.2,29.0,18.4,22.9,2025-10-21T08:17,2025-10-21T19:15,39538.85,36970.32,,,0.0,0.0,0.0,0.0,0.0,,,,16.4,38.2,252,13.5,3.81
38.3452,-0.4815,19.0,2025-10-22,3,Overcast,28.0,21.2,23.9,26.2,19.7,22.8,2025-10-22T08:18,2025-10-22T19:14,39397.61,36090.7,,,0.0,0.0,0.0,0.0,0.0,,,,23.4,52.6,277,13.94,4.45
38.3452,-0.4815,19.0,2025-10-23,3,Overcast,31.4,21.5,25.6,28.4,20.3,23.9,2025-10-23T08:19,2025-10-23T19:13,39256.93,37040.6,,,0.0,0.0,0.0,0.0,0.0,,,,24.8,58.3,249,13.8,5.49
38.3452,-0.4815,19.0,2025-10-24,3,Overcast,27.2,20.6,23.9,27.6,21.5,24.5,2025-10-24T08:20,2025-10-24T19:12,39116.93,36000.0,,,0.0,0.0,0.0,0.0,0.0,,,,14.7,33.5,281,13.85,3.3
38.3452,-0.4815,19.0,2025-10-25,3,Overcast,28.5,18.2,22.1,28.4,18.4,23.3,2025-10-25T08:21,2025-10-25T19:10,38977.72,36000.0,,,0.0,0.0,0.0,0.0,0.0,,,,14.1,33.1,225,13.84,2.93
38.3452,-0.4815,19.0,2025-10-26,53,Moderate drizzle,22.1,17.2,19.9,22.7,18.2,20.4,2025-10-26T08:22,2025-10-26T19:09,38839.47,8752.37,,,1.3,1.3,0.0,0.0,4.0,,,,15.9,43.2,66,6.25,1.69
38.3452,-0.4815,19.0,2025-10-27,1,Mainly clear,22.7,14.3,17.8,20.5,13.4,17.2,2025-10-27T08:23,2025-10-27T19:08,38702.27,36259.83,,,0.0,0.0,0.0,0.0,0.0,,,,17.9,38.9,259,14.4,2.72
38.3452,-0.4815,19.0,2025-10-28,3,Overcast,22.5,12.2,16.9,20.9,10.0,16.2,2025-10-28T08:24,2025-10-28T19:07,38566.27,36602.85,,,0.0,0.0,0.0,0.0,0.0,,,,12.3,28.8,222,13.68,2.48
38.3452,-0.4815,19.0,2025-10-29,61,Slight rain,23.1,16.0,19.0,22.8,16.2,19.6,2025-10-29T08:25,2025-10-29T19:05,38431.6,36019.22,,,1.8,1.8,0.0,0.0,4.0,,,,11.9,34.6,278,11.66,2.09
38.3452,-0.4815,19.0,2025-10-30,51,Light drizzle,24.5,17.2,20.0,24.2,16.2,20.0,2025-10-30T08:26,2025-10-30T19:04,38298.4,36360.18,,,0.7,0.7,0.0,0.0,3.0,,,,18.0,41.4,264,13.24,2.69
38.3452,-0.4815,19.0,2025-10-31,3,Overcast,23.5,14.2,18.7,23.3,13.6,19.0,2025-10-31T08:27,2025-10-31T19:03,38166.8,25224.58,,,0.0,0.0,0.0,0.0,0.0,,,,11.9,27.7,251,10.5,2.03
38.3452,-0.4815,19.0,2025-11-01,3,Overcast,23.6,14.8,18.5,23.1,14.1,18.5,2025-11-01T08:28,2025-11-01T19:02,38036.96,33002.37,,,0.0,0.0,0.0,0.0,0.0,,,,13.4,31.7,235,12.88,2.34
38.3452,-0.4815,19.0,2025-11-02,53,Moderate drizzle,26.2,15.9,20.7,25.6,14.0,19.3,2025-11-02T08:29,2025-11-02T19:01,37909.02,34258.17,,,0.6,0.6,0.0,0.0,1.0,,,,13.6,33.1,289,12.17,3.47
38.3452,-0.4815,19.0,2025-11-03,51,Light drizzle,21.9,15.5,18.6,20.7,13.4,17.1,2025-11-03T08:30,2025-11-03T19:00,37782.97,35734.15,,,0.3,0.3,0.0,0.0,1.0,,,,12.8,33.1,27,11.83,2.78
38.3452,-0.4815,19.0,2025-11-04,3,Overcast,22.0,12.6,17.3,21.5,11.7,16.8,2025-11-04T08:31,2025-11-04T18:59,37657.64,35672.29,,,0.0,0.0,0.0,0.0,0.0,,,,11.4,29.2,335,12.03,2.22
38.3452,-0.4815,19.0,2025-11-05,51,Light drizzle,22.0,14.3,18.1,21.9,13.4,17.9,2025-11-05T08:32,2025-11-05T18:58,37532.86,32400.0,,,0.4,0.4,0.0,0.0,1.0,,,,12.0,31.3,13,11.35,2.17
38.3452,-0.4815,19.0,2025-11-06,53,Moderate drizzle,21.3,15.8,18.2,18.7,12.8,15.3,2025-11-06T08:33,2025-11-06T18:57,37408.75,35551.96,,,0.8,0.8,0.0,0.0,2.0,,,,27.6,62.3,287,12.81,3.84
38.3452,-0.4815,19.0,2025-11-07,3,Overcast,22.8,13.8,17.9,19.5,10.8,15.0,2025-11-07T08:35,2025-11-07T18:56,37285.46,35493.6,,,0.0,0.0,0.0,0.0,0.0,,,,17.5,42.1,266,12.31,3.72
38.3452,-0.4815,19.0,2025-11-08,61,Slight rain,22.3,14.6,17.9,18.5,11.2,15.3,2025-11-08T08:36,2025-11-08T18:55,37163.11,35436.52,,,2.5,2.5,0.0,0.0,4.0,,,,22.2,50.0,290,12.32,3.35
38.3452,-0.4815,19.0,2025-11-09,3,Overcast,20.5,10.6,15.3,18.6,7.9,13.0,2025-11-09T08:37,2025-11-09T18:54,37041.85,35380.79,,,0.0,0.0,0.0,0.0,0.0,,,,14.2,26.6,330,12.51,2.62
38.3452,-0.4815,19.0,2025-11-10,3,Overcast,23.1,10.7,15.8,19.3,7.8,12.8,2025-11-10T08:38,2025-11-10T18:53,36921.82,35326.48,,,0.0,0.0,0.0,0.0,0.0,,,,15.5,36.4,261,12.29,3.29
38.3452,-0.4815,19.0,2025-11-11,3,Overcast,21.1,11.3,15.8,20.2,9.3,14.3,2025-11-11T08:39,2025-11-11T18:52,36803.15,34200.94,,,0.0,0.0,0.0,0.0,0.0,,,,12.1,22.7,283,11.99,2.38
38.3452,-0.4815,19.0,2025-11-12,2,Partly cloudy,22.0,11.9,17.0,20.9,9.1,15.4,2025-11-12T08:40,2025-11-12T18:51,36685.99,35222.37,,,0.0,0.0,0.0,0.0,0.0,,,,16.1,38.2,40,11.9,2.46
38.3452,-0.4815,19.0,2025-11-13,3,Overcast,23.1,15.9,19.4,22.1,14.3,17.9,2025-11-13T08:41,2025-11-13T18:50,36570.49,33291.5,,,0.0,0.0,0.0,0.0,0.0,,,,14.6,34.6,46,11.5,2.78
38.3452,-0.4815,19.0,2025-11-14,51,Light drizzle,23.0,17.3,20.3,21.5,17.2,19.7,2025-11-14T08:42,2025-11-14T18:50,36456.81,31524.72,,,0.3,0.3,0.0,0.0,1.0,,,,21.4,46.4,213,9.33,2.51
38.3452,-0.4815,19.0,2025-11-15,3,Overcast,22.7,13.9,18.0,21.8,12.7,17.3,2025-11-15T08:43,2025-11-15T18:49,36345.09,33022.99,,,0.0,0.0,0.0,0.0,0.0,,,,18.5,39.6,226,10.86,2.21
38.3452,-0.4815,19.0,2025-11-16,55,Dense drizzle,23.1,15.4,18.4,20.3,13.4,17.4,2025-11-16T08:44,2025-11-16T18:48,36235.48,35017.18,,,1.9,1.9,0.0,0.0,3.0,,,,13.7,33.5,272,10.16,2.45
38.3452,-0.4815,19.0,2025-11-17,3,Overcast,21.3,14.5,17.3,19.5,12.0,15.3,2025-11-17T08:46,2025-11-17T18:48,36128.15,34915.09,,,0.0,0.0,0.0,0.0,0.0,,,,14.9,32.4,312,10.81,2.56
38.3452,-0.4815,19.0,2025-11-18,51,Light drizzle,19.7,10.8,15.0,18.4,9.1,13.8,2025-11-18T08:47,2025-11-18T18:47,36023.26,34748.57,,,0.1,0.1,0.0,0.0,1.0,,,,8.7,23.4,309,10.99,1.86
38.3452,-0.4815,19.0,2025-11-19,3,Overcast,20.5,9.7,14.7,18.0,7.7,12.9,2025-11-19T08:48,2025-11-19T18:46,35920.98,34446.27,,,0.0,0.0,0.0,0.0,0.0,,,,17.7,39.6,271,10.72,2.09
38.3452,-0.4815,19.0,2025-11-20,3,Overcast,19.0,10.2,14.5,15.1,6.3,10.6,2025-11-20T08:49,2025-11-20T18:46,35821.46,34803.35,,,0.0,0.0,0.0,0.0,0.0,,,,18.4,36.0,309,11.25,3.25
38.3452,-0.4815,19.0,2025-11-21,3,Overcast,16.2,9.6,12.3,11.0,4.5,7.3,2025-11-21T08:50,2025-11-21T18:45,35724.88,32837.97,,,0.0,0.0,0.0,0.0,0.0,,,,22.0,46.8,319,10.56,3.63
38.3452,-0.4815,19.0,2025-11-22,3,Overcast,15.1,7.8,10.6,10.9,1.7,5.7,2025-11-22T08:51,2025-11-22T18:45,35631.4,34810.54,,,0.0,0.0,0.0,0.0,0.0,,,,22.2,43.9,315,11.44,3.22
38.3452,-0.4815,19.0,2025-11-23,3,Overcast,21.3,9.3,14.2,17.5,4.4,10.1,2025-11-23T08:52,2025-11-23T18:44,35541.06,33542.81,,,0.0,0.0,0.0,0.0,0.0,,,,16.8,36.7,244,10.71,3.47
38.3452,-0.4815,19.0,2025-11-24,3,Overcast,19.5,15.2,16.7,14.2,10.2,12.4,2025-11-24T08:53,2025-11-24T18:44,35452.86,19026.3,,,0.0,0.0,0.0,0.0,0.0,,,,32.4,70.6,263,7.06,3.77
38.3452,-0.4815,19.0,2025-11-25,3,Overcast,20.8,14.9,17.2,16.7,9.6,13.9,2025-11-25T08:54,2025-11-25T18:43,35366.67,31109.76,,,0.0,0.0,0.0,0.0,0.0,,,,21.0,45.7,286,10.67,3.38
38.3452,-0.4815,19.0,2025-11-26,0,Clear sky,17.2,10.4,13.6,12.1,4.9,8.3,2025-11-26T08:55,2025-11-26T18:43,35282.58,34705.18,,,0.0,0.0,0.0,0.0,0.0,,,,25.8,51.5,326,11.07,3.94
38.3452,-0.4815,19.0,2025-11-27,3,Overcast,16.1,5.8,11.0,11.8,1.4,6.9,2025-11-27T08:56,2025-11-27T18:42,35200.7,33554.9,,,0.0,0.0,0.0,0.0,0.0,,,,13.9,26.6,289,10.96,2.63
38.3452,-0.4815,19.0,2025-11-28,2,Partly cloudy,17.7,5.5,11.3,13.8,1.6,7.9,2025-11-28T08:57,2025-11-28T18:42,35121.16,34182.3,,,0.0,0.0,0.0,0.0,0.0,,,,13.0,30.2,247,10.61,2.2
38.3452,-0.4815,19.0,2025-11-29,3,Overcast,18.6,7.1,12.2,15.1,4.4,9.7,2025-11-29T08:58,2025-11-29T18:42,35044.06,34136.44,,,0.0,0.0,0.0,0.0,0.0,,,,14.7,33.1,227,10.11,1.86
38.3452,-0.4815,19.0,2025-11-30,51,Light drizzle,18.3,9.7,13.7,16.7,6.7,11.4,2025-11-30T08:59,2025-11-30T18:42,34969.52,24166.83,,,0.3,0.3,0.0,0.0,3.0,,,,16.6,33.5,7,8.11,1.87
38.3452,-0.4815,19.0,2025-12-01,3,Overcast,17.2,9.7,13.0,15.5,7.2,11.4,2025-12-01T09:00,2025-12-01T18:41,34897.65,33364.83,,,0.0,0.0,0.0,0.0,0.0,,,,9.4,24.8,347,10.14,1.62
38.3452,-0.4815,19.0,2025-12-02,3,Overcast,19.8,8.9,13.5,16.2,6.6,11.1,2025-12-02T09:01,2025-12-02T18:41,34828.58,30611.22,,,0.0,0.0,0.0,0.0,0.0,,,,15.0,34.6,267,9.59,2.21
38.3452,-0.4815,19.0,2025-12-03,3,Overcast,17.5,9.9,13.3,14.8,6.1,9.7,2025-12-03T09:02,2025-12-03T18:41,34762.4,33267.19,,,0.0,0.0,0.0,0.0,0.0,,,,23.7,46.4,299,9.46,2.58
38.3452,-0.4815,19.0,2025-12-04,53,Moderate drizzle,15.4,11.3,13.3,12.3,6.8,9.1,2025-12-04T09:03,2025-12-04T18:41,34699.26,8146.54,,,1.0,1.0,0.0,0.0,2.0,,,,22.9,47.5,265,3.33,2.54
38.3452,-0.4815,19.0,2025-12-05,3,Overcast,19.9,13.1,15.7,15.3,8.7,11.3,2025-12-05T09:04,2025-12-05T18:41,34639.25,32354.56,,,0.0,0.0,0.0,0.0,0.0,,,,28.9,58.7,281,8.21,3.62
38.3452,-0.4815,19.0,2025-12-06,3,Overcast,22.8,14.1,18.1,19.6,11.2,15.6,2025-12-06T09:04,2025-12-06T18:41,34582.5,27372.21,,,0.0,0.0,0.0,0.0,0.0,,,,19.5,45.7,253,8.61,2.93
38.3452,-0.4815,19.0,2025-12-07,0,Clear sky,23.1,12.9,17.3,20.5,11.0,15.1,2025-12-07T09:05,2025-12-07T18:41,34529.13,33756.56,,,0.0,0.0,0.0,0.0,0.0,,,,14.0,33.5,275,9.85,2.72
38.3452,-0.4815,19.0,2025-12-08,0,Clear sky,18.6,11.1,14.2,18.0,8.6,12.6,2025-12-08T09:06,2025-12-08T18:41,34479.25,33709.17,,,0.0,0.0,0.0,0.0,0.0,,,,12.3,24.5,308,9.91,1.82
38.3452,-0.4815,19.0,2025-12-09,3,Overcast,18.2,8.4,12.7,16.2,6.0,11.3,2025-12-09T09:07,2025-12-09T18:41,34432.98,31663.61,,,0.0,0.0,0.0,0.0,0.0,,,,7.9,22.0,250,9.4,1.45
38.3452,-0.4815,19.0,2025-12-10,3,Overcast,16.7,10.8,13.4,16.3,8.3,12.2,2025-12-10T09:08,2025-12-10T18:41,34390.43,29485.71,,,0.0,0.0,0.0,0.0,0.0,,,,6.2,19.1,24,8.77,1.28
38.3452,-0.4815,19.0,2025-12-11,3,Overcast,17.4,8.6,12.9,16.4,6.8,11.6,2025-12-11T09:09,2025-12-11T18:41,34351.73,31497.45,,,0.0,0.0,0.0,0.0,0.0,,,,8.3,22.7,351,8.86,1.39
38.3452,-0.4815,19.0,2025-12-12,51,Light drizzle,17.5,9.3,13.5,15.2,7.7,11.6,2025-12-12T09:09,2025-12-12T18:41,34316.98,32216.97,,,0.5,0.5,0.0,0.0,4.0,,,,19.1,40.3,38,8.03,1.52
38.3452,-0.4815,19.0,2025-12-13,51,Light drizzle,18.0,15.1,16.1,14.1,12.4,13.1,2025-12-13T09:10,2025-12-13T18:41,34286.24,27328.62,,,0.2,0.2,0.0,0.0,2.0,,,,25.9,57.2,58,7.28,2.38
38.3452,-0.4815,19.0,2025-12-14,51,Light drizzle,17.7,14.5,15.8,15.4,12.0,13.3,2025-12-14T09:11,2025-12-14T18:42,34259.13,1921.94,,,1.1,1.1,0.0,0.0,7.0,,,,22.7,49.0,45,4.08,1.86
38.3452,-0.4815,19.0,2025-12-15,61,Slight rain,16.3,10.7,13.7,16.3,9.9,12.7,2025-12-15T09:11,2025-12-15T18:42,34235.54,30095.43,,,4.8,4.8,0.0,0.0,7.0,,,,20.7,48.6,22,8.16,1.33
38.3452,-0.4815,19.0,2025-12-16,63,Moderate rain,14.4,9.5,12.2,14.0,8.0,11.3,2025-12-16T09:12,2025-12-16T18:42,34215.52,8570.64,,,13.1,13.1,0.0,0.0,15.0,,,,17.1,33.5,54,3.89,0.65
38.3452,-0.4815,19.0,2025-12-17,51,Light drizzle,15.3,10.4,12.6,14.7,9.6,11.9,2025-12-17T09:13,2025-12-17T18:43,34199.03,30771.99,,,1.2,1.2,0.0,0.0,6.0,,,,9.1,22.0,11,7.53,1.04
38.3452,-0.4815,19.0,2025-12-18,3,Overcast,17.2,10.3,13.0,16.6,8.1,12.0,2025-12-18T09:13,2025-12-18T18:43,34186.1,32295.86,,,0.0,0.0,0.0,0.0,0.0,,,,10.9,21.2,317,8.95,1.29
38.3452,-0.4815,19.0,2025-12-19,3,Overcast,15.7,8.7,12.0,15.7,6.5,11.1,2025-12-19T09:14,2025-12-19T18:43,34176.71,22774.86,,,0.0,0.0,0.0,0.0,0.0,,,,8.9,18.4,318,7.72,1.09
38.3452,-0.4815,19.0,2025-12-20,51,Light drizzle,16.9,11.1,13.2,15.6,10.3,12.7,2025-12-20T09:14,2025-12-20T18:44,34170.88,28773.66,,,0.7,0.7,0.0,0.0,4.0,,,,9.4,22.0,236,7.86,1.19
38.3452,-0.4815,19.0,2025-12-21,53,Moderate drizzle,14.5,8.2,11.8,11.6,5.4,9.2,2025-12-21T09:15,2025-12-21T18:44,34168.61,18717.81,,,1.5,1.5,0.0,0.0,4.0,,,,16.9,33.1,274,6.11,1.45
38.3452,-0.4815,19.0,2025-12-22,51,Light drizzle,12.7,7.6,9.8,8.2,2.9,5.8,2025-12-22T09:15,2025-12-22T18:45,34169.9,30014.59,,,0.3,0.3,0.0,0.0,2.0,,,,23.2,49.3,286,9.5,2.1
38.3452,-0.4815,19.0,2025-12-23,3,Overcast,14.6,8.2,10.6,9.7,2.8,6.3,2025-12-23T09:16,2025-12-23T18:45,34174.72,33370.56,,,0.0,0.0,0.0,0.0,0.0,,,,26.5,57.6,282,9.68,2.32
38.3452,-0.4815,19.0,2025-12-24,3,Overcast,15.2,6.4,10.4,13.6,3.4,8.0,2025-12-24T09:16,2025-12-24T18:46,34183.1,33271.95,,,0.0,0.0,0.0,0.0,0.0,,,,14.5,27.7,311,8.77,1.51
38.3452,-0.4815,19.0,2025-12-25,63,Moderate rain,11.2,6.9,8.9,8.6,4.6,6.8,2025-12-25T09:17,2025-12-25T18:47,34195.0,0.0,,,36.4,36.4,0.0,0.0,15.0,,,,19.2,34.2,322,1.28,0.39
38.3452,-0.4815,19.0,2025-12-26,63,Moderate rain,15.2,8.8,11.9,13.6,4.7,10.0,2025-12-26T09:17,2025-12-26T18:47,34210.43,23935.51,,,5.1,5.1,0.0,0.0,4.0,,,,23.4,43.9,306,6.24,1.18
38.3452,-0.4815,19.0,2025-12-27,51,Light drizzle,14.8,7.5,10.7,13.5,5.3,9.1,2025-12-27T09:17,2025-12-27T18:48,34229.38,32031.45,,,0.4,0.4,0.0,0.0,2.0,,,,11.2,20.5,6,8.91,1.25
38.3452,-0.4815,19.0,2025-12-28,63,Moderate rain,15.0,11.5,12.9,12.5,7.7,9.8,2025-12-28T09:18,2025-12-28T18:49,34251.83,20489.49,,,9.8,9.8,0.0,0.0,7.0,,,,28.1,56.5,48,5.7,1.48
38.3452,-0.4815,19.0,2025-12-29,53,Moderate drizzle,14.6,8.3,11.7,13.9,7.1,10.2,2025-12-29T09:18,2025-12-29T18:49,34277.77,27853.05,,,1.7,1.7,0.0,0.0,6.0,,,,18.2,38.9,20,7.9,1.14
38.3452,-0.4815,19.0,2025-12-30,1,Mainly clear,17.5,6.8,11.1,14.8,4.1,8.7,2025-12-30T09:18,2025-12-30T18:50,34307.18,32523.57,,,0.0,0.0,0.0,0.0,0.0,,,,11.7,27.0,283,9.69,1.7
38.3452,-0.4815,19.0,2025-12-31,1,Mainly clear,15.7,8.8,11.3,14.2,5.9,9.0,2025-12-31T09:18,2025-12-31T18:51,34340.06,33605.38,,,0.0,0.0,0.0,0.0,0.0,,,,14.9,34.2,328,9.82,1.64
38.3452,-0.4815,19.0,2026-01-01,3,Overcast,13.8,5.5,9.6,12.7,3.0,8.0,2026-01-01T09:19,2026-01-01T18:52,34376.37,24775.17,,,0.0,0.0,0.0,0.0,0.0,,,,9.0,17.6,298,7.53,1.05
38.3452,-0.4815,19.0,2026-01-02,3,Overcast,14.7,8.3,10.9,13.7,6.1,9.4,2026-01-02T09:19,2026-01-02T18:52,34416.17,25725.84,,,0.0,0.0,0.0,0.0,0.0,,,,9.9,20.2,256,7.63,1.07
38.3452,-0.4815,19.0,2026-01-03,51,Light drizzle,17.0,10.2,13.5,16.0,8.6,12.3,2026-01-03T09:19,2026-01-03T18:53,34459.89,17556.21,,,0.1,0.1,0.0,0.0,1.0,,,,13.9,29.9,40,7.0,1.21
38.3452,-0.4815,19.0,2026-01-04,53,Moderate drizzle,14.0,10.9,12.4,11.1,9.1,10.4,2026-01-04T09:19,2026-01-04T18:54,34507.55,0.0,,,1.1,1.1,0.0,0.0,6.0,,,,24.6,56.5,53,2.95,0.85
38.3452,-0.4815,19.0,2026-01-05,63,Moderate rain,12.1,9.0,10.3,8.7,6.3,7.3,2026-01-05T09:19,2026-01-05T18:55,34559.01,0.0,,,17.2,17.2,0.0,0.0,16.0,,,,23.0,47.2,53,1.84,0.82
38.3452,-0.4815,19.0,2026-01-06,53,Moderate drizzle,10.9,4.9,8.2,7.3,0.9,5.2,2026-01-06T09:19,2026-01-06T18:56,34614.15,30628.45,,,1.8,1.8,0.0,0.0,5.0,,,,14.0,28.1,353,7.87,1.29
38.3452,-0.4815,19.0,2026-01-07,1,Mainly clear,12.5,4.0,7.7,7.6,-1.4,3.1,2026-01-07T09:19,2026-01-07T18:57,34672.85,34107.91,,,0.0,0.0,0.0,0.0,0.0,,,,18.9,39.2,295,10.48,2.34
38.3452,-0.4815,19.0,2026-01-08,2,Partly cloudy,16.2,9.0,11.6,12.4,4.1,7.5,2026-01-08T09:19,2026-01-08T18:58,34734.99,33986.07,,,0.0,0.0,0.0,0.0,0.0,,,,23.5,47.5,279,10.13,2.61
38.3452,-0.4815,19.0,2026-01-09,3,Overcast,18.0,11.2,13.7,14.7,6.6,9.8,2026-01-09T09:18,2026-01-09T18:59,34800.42,31105.64,,,0.0,0.0,0.0,0.0,0.0,,,,27.2,59.0,254,8.92,2.78
38.3452,-0.4815,19.0,2026-01-10,3,Overcast,15.9,8.7,11.7,11.1,4.4,7.8,2026-01-10T09:18,2026-01-10T19:00,34869.03,32750.95,,,0.0,0.0,0.0,0.0,0.0,,,,20.5,45.4,279,10.66,2.57
38.3452,-0.4815,19.0,2026-01-11,3,Overcast,14.8,7.7,10.5,12.3,3.3,7.6,2026-01-11T09:18,2026-01-11T19:01,34940.71,34380.79,,,0.0,0.0,0.0,0.0,0.0,,,,15.3,29.5,318,10.52,1.92
38.3452,-0.4815,19.0,2026-01-12,3,Overcast,16.1,6.6,10.4,13.9,3.8,8.5,2026-01-12T09:18,2026-01-12T19:02,35015.31,32494.04,,,0.0,0.0,0.0,0.0,0.0,,,,11.4,26.3,257,10.38,1.56
38.3452,-0.4815,19.0,2026-01-13,3,Overcast,15.1,7.8,10.9,13.2,5.0,9.0,2026-01-13T09:18,2026-01-13T19:03,35092.73,31012.98,,,0.0,0.0,0.0,0.0,0.0,,,,10.6,25.9,239,10.06,1.44
38.3452,-0.4815,19.0,2026-01-14,3,Overcast,15.4,6.4,10.4,15.1,4.6,9.1,2026-01-14T09:17,2026-01-14T19:04,35172.83,26082.73,,,0.0,0.0,0.0,0.0,0.0,,,,7.7,14.8,337,8.59,1.21
38.3452,-0.4815,19.0,2026-01-15,3,Overcast,16.5,6.9,11.2,15.1,4.4,9.4,2026-01-15T09:17,2026-01-15T19:05,35255.49,34624.0,,,0.0,0.0,0.0,0.0,0.0,,,,10.7,20.2,283,10.67,1.64
38.3452,-0.4815,19.0,2026-01-16,3,Overcast,16.1,8.4,11.8,14.7,6.0,10.3,2026-01-16T09:17,2026-01-16T19:06,35340.59,33601.42,,,0.0,0.0,0.0,0.0,0.0,,,,9.9,24.5,324,9.3,1.44
38.3452,-0.4815,19.0,2026-01-17,53,Moderate drizzle,15.1,9.9,11.7,12.9,8.7,10.3,2026-01-17T09:16,2026-01-17T19:07,35428.01,18059.23,,,2.3,2.3,0.0,0.0,7.0,,,,14.1,27.4,265,7.39,1.27
38.3452,-0.4815,19.0,2026-01-18,51,Light drizzle,13.8,5.7,9.7,11.7,2.8,7.4,2026-01-18T09:16,2026-01-18T19:08,35517.63,33899.37,,,0.1,0.1,0.0,0.0,1.0,,,,10.9,25.6,339,10.22,1.52
38.3452,-0.4815,19.0,2026-01-19,3,Overcast,15.1,8.3,11.6,13.2,5.7,9.6,2026-01-19T09:15,2026-01-19T19:09,35609.34,24580.1,,,0.0,0.0,0.0,0.0,0.0,,,,11.9,26.6,324,8.0,1.47
38.3452,-0.4815,19.0,2026-01-20,51,Light drizzle,16.0,11.1,13.0,13.7,7.9,10.4,2026-01-20T09:15,2026-01-20T19:10,35703.02,28800.0,,,0.5,0.5,0.0,0.0,2.0,,,,18.0,41.0,322,7.94,1.87
38.3452,-0.4815,19.0,2026-01-21,61,Slight rain,15.7,10.4,12.8,13.3,7.4,10.4,2026-01-21T09:14,2026-01-21T19:11,35798.55,22374.66,,,2.2,2.2,0.0,0.0,4.0,,,,18.4,49.0,272,7.53,1.71
38.3452,-0.4815,19.0,2026-01-22,51,Light drizzle,16.4,9.2,12.6,11.8,5.6,8.6,2026-01-22T09:14,2026-01-22T19:12,35895.97,34854.97,,,0.2,0.2,0.0,0.0,1.0,,,,34.0,74.5,289,11.07,2.83
38.3452,-0.4815,19.0,2026-01-23,61,Slight rain,18.1,9.3,12.6,14.0,7.0,9.6,2026-01-23T09:13,2026-01-23T19:13,35996.29,29898.49,,,1.4,1.4,0.0,0.0,2.0,,,,19.3,45.4,267,11.17,2.44
38.3452,-0.4815,19.0,2026-01-24,51,Light drizzle,13.4,8.8,10.6,8.2,2.9,5.5,2026-01-24T09:13,2026-01-24T19:14,36099.63,34928.74,,,0.2,0.2,0.0,0.0,2.0,,,,27.9,61.6,274,11.74,3.02
38.3452,-0.4815,19.0,2026-01-25,51,Light drizzle,17.3,10.3,13.2,12.4,4.4,8.0,2026-01-25T09:12,2026-01-25T19:15,36205.82,28982.32,,,0.4,0.4,0.0,0.0,1.0,,,,31.7,64.1,263,9.37,3.44
38.3452,-0.4815,19.0,2026-01-26,3,Overcast,21.0,12.0,15.9,17.4,9.2,12.8,2026-01-26T09:11,2026-01-26T19:17,36314.67,21268.33,,,0.0,0.0,0.0,0.0,0.0,,,,29.5,58.3,268,7.56,2.93
38.3452,-0.4815,19.0,2026-01-27,51,Light drizzle,19.7,13.3,15.8,16.1,9.6,13.3,2026-01-27T09:10,2026-01-27T19:18,36426.03,27964.91,,,0.3,0.3,0.0,0.0,3.0,,,,27.9,59.8,238,8.94,2.42
38.3452,-0.4815,19.0,2026-01-28,63,Moderate rain,18.2,10.0,13.4,12.8,6.5,9.0,2026-01-28T09:10,2026-01-28T19:19,36539.74,21600.0,,,5.5,5.5,0.0,0.0,4.0,,,,40.2,91.4,269,8.38,3.1
38.3452,-0.4815,19.0,2026-01-29,61,Slight rain,18.8,11.0,15.1,18.3,9.3,13.3,2026-01-29T09:09,2026-01-29T19:20,36655.62,26713.2,,,2.7,2.7,0.0,0.0,2.0,,,,19.2,37.1,242,7.68,1.93
38.3452,-0.4815,19.0,2026-01-30,3,Overcast,19.2,12.4,16.0,16.3,9.4,12.5,2026-01-30T09:08,2026-01-30T19:21,36773.52,35199.31,,,0.0,0.0,0.0,0.0,0.0,,,,35.4,70.9,260,11.6,3.58
38.3452,-0.4815,19.0,2026-01-31,3,Overcast,17.4,12.2,14.6,10.9,4.7,8.3,2026-01-31T09:07,2026-01-31T19:22,36893.28,35250.72,,,0.0,0.0,0.0,0.0,0.0,,,,41.0,91.1,287,12.64,4.72
38.3452,-0.4815,19.0,2026-02-01,53,Moderate drizzle,16.8,11.9,13.8,13.4,7.5,10.1,2026-02-01T09:06,2026-02-01T19:23,37014.76,28710.23,,,0.5,0.5,0.0,0.0,1.0,,,,22.6,47.9,251,8.6,2.8
38.3452,-0.4815,19.0,2026-02-02,51,Light drizzle,18.4,10.7,13.2,15.2,8.1,11.1,2026-02-02T09:05,2026-02-02T19:25,37137.79,19260.1,,,0.3,0.3,0.0,0.0,2.0,,,,28.6,65.5,256,8.68,2.09
38.3452,-0.4815,19.0,2026-02-03,51,Light drizzle,15.8,7.1,11.4,12.2,3.9,8.2,2026-02-03T09:05,2026-02-03T19:26,37262.24,35414.22,,,0.1,0.1,0.0,0.0,1.0,,,,15.6,32.4,252,10.72,2.34
38.3452,-0.4815,19.0,2026-02-04,61,Slight rain,17.2,9.0,12.2,13.5,7.2,9.8,2026-02-04T09:04,2026-02-04T19:27,37387.95,7975.15,,,8.0,8.0,0.0,0.0,16.0,,,,26.3,53.3,263,6.38,1.52
38.3452,-0.4815,19.0,2026-02-05,53,Moderate drizzle,23.7,10.3,15.4,21.9,9.5,13.7,2026-02-05T09:03,2026-02-05T19:28,37514.79,34553.98,,,2.6,2.6,0.0,0.0,10.0,,,,31.0,61.9,249,11.01,2.48
38.3452,-0.4815,19.0,2026-02-06,51,Light drizzle,18.4,11.5,14.9,15.5,8.6,11.9,2026-02-06T09:02,2026-02-06T19:29,37642.61,35590.06,,,0.1,0.1,0.0,0.0,1.0,,,,23.0,44.6,247,12.11,2.99
38.3452,-0.4815,19.0,2026-02-07,51,Light drizzle,16.3,9.9,13.1,12.5,6.5,9.2,2026-02-07T09:01,2026-02-07T19:30,37771.27,29337.14,,,0.1,0.1,0.0,0.0,1.0,,,,22.9,50.0,243,10.86,2.82
38.3452,-0.4815,19.0,2026-02-08,3,Overcast,17.1,10.6,13.1,11.5,6.6,9.0,2026-02-08T09:00,2026-02-08T19:31,37900.65,28903.48,,,0.0,0.0,0.0,0.0,0.0,,,,30.7,77.0,266,10.26,2.86
38.3452,-0.4815,19.0,2026-02-09,63,Moderate rain,20.6,8.9,13.8,18.4,6.6,11.6,2026-02-09T08:59,2026-02-09T19:33,38030.6,32254.69,,,7.4,7.4,0.0,0.0,6.0,,,,18.5,42.1,240,12.25,2.46
38.3452,-0.4815,19.0,2026-02-10,51,Light drizzle,22.9,14.1,18.2,20.4,12.6,16.4,2026-02-10T08:58,2026-02-10T19:34,38161.0,11786.27,,,0.5,0.5,0.0,0.0,2.0,,,,22.9,50.4,249,7.53,2.54
38.3452,-0.4815,19.0,2026-02-11,3,Overcast,23.3,16.8,20.4,21.7,15.8,18.4,2026-02-11T08:56,2026-02-11T19:35,38291.89,26530.35,,,0.0,0.0,0.0,0.0,0.0,,,,34.4,67.7,235,9.7,3.55
38.3452,-0.4815,19.0,2026-02-12,3,Overcast,21.7,15.7,19.3,17.0,10.2,14.0,2026-02-12T08:55,2026-02-12T19:36,38424.44,36861.7,,,0.0,0.0,0.0,0.0,0.0,,,,41.9,82.8,283,14.77,5.72
38.3452,-0.4815,19.0,2026-02-13,51,Light drizzle,19.8,11.8,15.4,14.4,9.2,11.4,2026-02-13T08:54,2026-02-13T19:37,38558.83,36852.0,,,0.1,0.1,0.0,0.0,1.0,,,,38.2,87.8,252,11.43,3.58
38.3452,-0.4815,19.0,2026-02-14,51,Light drizzle,18.7,12.4,14.9,12.5,5.9,9.0,2026-02-14T08:53,2026-02-14T19:38,38694.91,35558.07,,,0.2,0.2,0.0,0.0,1.0,,,,42.0,91.8,301,14.56,5.0
38.3452,-0.4815,19.0,2026-02-15,3,Overcast,19.9,11.4,15.2,14.0,4.4,9.1,2026-02-15T08:52,2026-02-15T19:39,38832.54,36470.04,,,0.0,0.0,0.0,0.0,0.0,,,,36.7,69.8,300,12.33,5.37
38.3452,-0.4815,19.0,2026-02-16,55,Dense drizzle,21.9,13.9,17.4,16.9,6.9,11.9,2026-02-16T08:51,2026-02-16T19:40,38971.57,34169.69,,,1.6,1.6,0.0,0.0,2.0,,,,44.4,85.0,292,12.38,5.07
38.3452,-0.4815,19.0,2026-02-17,3,Overcast,24.8,16.4,19.7,22.6,12.7,16.5,2026-02-17T08:49,2026-02-17T19:41,39111.88,37622.24,,,0.0,0.0,0.0,0.0,0.0,,,,27.7,54.7,294,15.21,4.63
38.3452,-0.4815,19.0,2026-02-18,3,Overcast,20.1,13.0,16.0,17.0,10.4,13.6,2026-02-18T08:48,2026-02-18T19:43,39253.32,37889.21,,,0.0,0.0,0.0,0.0,0.0,,,,24.9,51.5,263,15.33,3.26
38.3452,-0.4815,19.0,2026-02-19,3,Overcast,18.7,13.2,16.0,13.0,9.5,11.3,2026-02-19T08:47,2026-02-19T19:44,39395.75,38399.34,,,0.0,0.0,0.0,0.0,0.0,,,,23.8,55.4,272,15.88,4.72
38.3452,-0.4815,19.0,2026-02-20,2,Partly cloudy,18.0,10.1,13.6,14.9,6.6,10.0,2026-02-20T08:45,2026-02-20T19:45,39539.06,38420.26,,,0.0,0.0,0.0,0.0,0.0,,,,17.3,36.0,303,16.13,3.52
38.3452,-0.4815,19.0,2026-02-21,0,Clear sky,17.8,9.4,13.1,16.8,6.8,11.4,2026-02-21T08:44,2026-02-21T19:46,39683.12,38380.62,,,0.0,0.0,0.0,0.0,0.0,,,,10.2,28.1,142,16.07,2.5
38.3452,-0.4815,19.0,2026-02-22,0,Clear sky,19.8,7.8,13.0,17.9,5.2,11.3,2026-02-22T08:43,2026-02-22T19:47,39827.79,38595.07,,,0.0,0.0,0.0,0.0,0.0,,,,13.2,32.0,217,16.38,2.65
38.3452,-0.4815,19.0,2026-02-23,3,Overcast,18.4,9.2,13.3,17.6,6.9,11.9,2026-02-23T08:41,2026-02-23T19:48,39972.96,38659.7,,,0.0,0.0,0.0,0.0,0.0,,,,6.7,22.0,53,16.49,2.53
38.3452,-0.4815,19.0,2026-02-24,0,Clear sky,19.8,8.8,13.9,18.4,6.2,12.4,2026-02-24T08:40,2026-02-24T19:49,40118.51,38723.99,,,0.0,0.0,0.0,0.0,0.0,,,,11.9,28.8,206,16.72,2.62
38.3452,-0.4815,19.0,2026-02-25,0,Clear sky,18.4,10.3,13.8,17.7,8.1,12.6,2026-02-25T08:39,2026-02-25T19:50,40264.3,38787.92,,,0.0,0.0,0.0,0.0,0.0,,,,8.8,24.8,71,16.82,2.55
38.3452,-0.4815,19.0,2026-02-26,3,Overcast,18.8,7.5,13.5,17.5,5.3,12.0,2026-02-26T08:37,2026-02-26T19:51,40410.23,37284.32,,,0.0,0.0,0.0,0.0,0.0,,,,11.0,28.1,36,16.46,2.62
38.3452,-0.4815,19.0,2026-02-27,3,Overcast,16.2,9.6,12.9,15.5,7.5,11.8,2026-02-27T08:36,2026-02-27T19:52,40556.18,32270.81,,,0.0,0.0,0.0,0.0,0.0,,,,8.7,25.2,81,15.84,2.26
38.3452,-0.4815,19.0,2026-02-28,3,Overcast,17.4,10.2,13.8,15.8,8.9,12.6,2026-02-28T08:35,2026-02-28T19:53,40702.03,36012.13,,,0.0,0.0,0.0,0.0,0.0,,,,15.0,35.6,79,14.7,2.37
38.3452,-0.4815,19.0,2026-03-01,3,Overcast,15.8,10.5,13.5,14.0,9.3,11.8,2026-03-01T08:33,2026-03-01T19:54,40847.67,34476.68,,,0.0,0.0,0.0,0.0,0.0,,,,15.4,37.8,70,14.55,2.33
38.3452,-0.4815,19.0,2026-03-02,3,Overcast,16.3,9.0,13.2,13.3,7.2,10.9,2026-03-02T08:32,2026-03-02T19:55,40992.99,27681.51,,,0.0,0.0,0.0,0.0,0.0,,,,27.2,60.1,59,11.75,2.07
38.3452,-0.4815,19.0,2026-03-03,51,Light drizzle,20.6,14.6,16.8,17.8,10.4,13.7,2026-03-03T08:30,2026-03-03T19:56,41138.01,36271.16,,,0.2,0.2,0.0,0.0,1.0,,,,27.7,54.7,45,14.58,3.67
38.3452,-0.4815,19.0,2026-03-04,51,Light drizzle,20.1,15.7,17.3,17.7,13.4,14.9,2026-03-04T08:29,2026-03-04T19:57,41283.86,10769.05,,,0.1,0.1,0.0,0.0,1.0,,,,22.6,52.6,42,9.53,2.9
38.3452,-0.4815,19.0,2026-03-05,63,Moderate rain,16.7,11.6,14.3,15.8,9.4,12.5,2026-03-05T08:28,2026-03-05T19:58,41430.74,13330.56,,,17.3,17.3,0.0,0.0,13.0,,,,28.4,58.7,315,4.98,1.27
38.3452,-0.4815,19.0,2026-03-06,51,Light drizzle,15.9,9.4,12.4,14.8,8.0,11.0,2026-03-06T08:26,2026-03-06T19:59,41578.52,29550.99,,,0.2,0.2,0.0,0.0,2.0,,,,19.8,37.8,50,13.15,1.99
38.3452,-0.4815,19.0,2026-03-07,53,Moderate drizzle,14.4,8.2,11.9,13.2,6.8,10.8,2026-03-07T08:25,2026-03-07T20:00,41727.11,37905.29,,,1.7,1.7,0.0,0.0,7.0,,,,16.9,37.4,60,14.98,2.15
38.3452,-0.4815,19.0,2026-03-08,51,Light drizzle,15.6,8.0,12.0,15.1,6.2,10.9,2026-03-08T08:23,2026-03-08T20:01,41876.39,26231.66,,,0.1,0.1,0.0,0.0,1.0,,,,11.2,28.8,33,13.67,2.03
38.3452,-0.4815,19.0,2026-03-09,61,Slight rain,16.9,8.8,12.6,15.5,7.1,11.4,2026-03-09T08:22,2026-03-09T20:02,42026.26,32582.01,,,2.0,2.0,0.0,0.0,3.0,,,,15.4,38.5,239,15.48,2.25
38.3452,-0.4815,19.0,2026-03-10,61,Slight rain,13.1,10.7,12.2,12.1,9.9,11.2,2026-03-10T08:20,2026-03-10T20:03,42176.61,0.0,,,17.9,17.9,0.0,0.0,21.0,,,,15.1,34.6,65,5.29,0.85
38.3452,-0.4815,19.0,2026-03-11,61,Slight rain,15.3,11.8,13.5,15.2,11.1,13.3,2026-03-11T08:19,2026-03-11T20:04,42327.35,23396.64,,,7.8,7.8,0.0,0.0,17.0,,,,8.5,28.8,59,10.34,1.57
38.3452,-0.4815,19.0,2026-03-12,3,Overcast,17.6,9.0,13.3,17.9,7.7,12.9,2026-03-12T08:17,2026-03-12T20:05,42478.37,36493.27,,,0.0,0.0,0.0,0.0,0.0,,,,12.6,31.7,225,17.49,2.53
38.3452,-0.4815,19.0,2026-03-13,1,Mainly clear,21.5,9.6,14.8,21.9,7.5,13.9,2026-03-13T08:16,2026-03-13T20:06,42629.57,40477.63,,,0.0,0.0,0.0,0.0,0.0,,,,13.0,29.2,241,19.19,3.16
38.3452,-0.4815,19.0,2026-03-14,3,Overcast,19.6,12.9,15.7,15.2,10.7,12.9,2026-03-14T08:14,2026-03-14T20:07,42780.85,29686.15,,,0.0,0.0,0.0,0.0,0.0,,,,26.0,57.6,276,12.31,3.25
38.3452,-0.4815,19.0,2026-03-15,2,Partly cloudy,19.2,10.2,14.7,14.8,7.4,11.6,2026-03-15T08:12,2026-03-15T20:08,42932.1,41264.26,,,0.0,0.0,0.0,0.0,0.0,,,,22.1,51.5,338,18.73,3.8
38.3452,-0.4815,19.0,2026-03-16,0,Clear sky,17.8,6.6,12.2,15.9,3.9,9.9,2026-03-16T08:11,2026-03-16T20:09,43083.24,41510.21,,,0.0,0.0,0.0,0.0,0.0,,,,16.0,38.9,250,20.07,3.33
38.3452,-0.4815,19.0,2026-03-17,0,Clear sky,18.9,7.8,13.2,17.5,4.9,11.1,2026-03-17T08:09,2026-03-17T20:10,43234.15,42049.8,,,0.0,0.0,0.0,0.0,0.0,,,,16.1,37.8,228,20.61,3.4
38.3452,-0.4815,19.0,2026-03-18,3,Overcast,19.0,10.3,14.3,16.7,6.6,11.3,2026-03-18T08:08,2026-03-18T20:11,43384.74,37929.54,,,0.0,0.0,0.0,0.0,0.0,,,,16.0,37.8,66,18.44,3.54
38.3452,-0.4815,19.0,2026-03-19,3,Overcast,17.8,12.6,15.2,14.4,9.7,11.7,2026-03-19T08:06,2026-03-19T20:12,43534.91,41367.84,,,0.0,0.0,0.0,0.0,0.0,,,,30.1,66.6,62,19.89,4.01
38.3452,-0.4815,19.0,2026-03-20,51,Light drizzle,16.4,13.4,14.5,11.7,10.4,11.2,2026-03-20T08:05,2026-03-20T20:13,43684.56,36353.86,,,0.2,0.2,0.0,0.0,1.0,,,,25.5,60.1,60,14.64,3.17
38.3452,-0.4815,19.0,2026-03-21,61,Slight rain,14.8,11.6,13.0,12.3,9.7,11.1,2026-03-21T08:03,2026-03-21T20:14,43833.59,13708.43,,,3.7,3.7,0.0,0.0,6.0,,,,15.6,33.5,48,8.99,1.82
38.3452,-0.4815,19.0,2026-03-22,3,Overcast,16.5,7.5,12.5,15.7,5.8,11.1,2026-03-22T08:02,2026-03-22T20:15,43981.89,42796.36,,,0.0,0.0,0.0,0.0,0.0,,,,15.4,38.2,184,20.66,2.99
38.3452,-0.4815,19.0,2026-03-23,3,Overcast,18.8,8.6,13.5,16.5,7.0,11.3,2026-03-23T08:00,2026-03-23T20:16,44129.5,42886.89,,,0.0,0.0,0.0,0.0,0.0,,,,26.6,59.4,72,19.08,3.27
38.3452,-0.4815,19.0,2026-03-24,0,Clear sky,17.1,7.2,12.6,15.6,4.7,10.8,2026-03-24T07:59,2026-03-24T20:17,44277.45,42977.75,,,0.0,0.0,0.0,0.0,0.0,,,,11.7,32.8,57,21.27,3.28
38.3452,-0.4815,19.0,2026-03-25,3,Overcast,19.5,8.2,13.6,17.9,5.2,11.6,2026-03-25T07:57,2026-03-25T20:18,44425.92,41262.47,,,0.0,0.0,0.0,0.0,0.0,,,,18.0,41.8,211,21.07,3.51
38.3452,-0.4815,19.0,2026-03-26,3,Overcast,16.0,10.7,13.3,13.5,8.5,11.3,2026-03-26T07:56,2026-03-26T20:19,44574.81,43161.25,,,0.0,0.0,0.0,0.0,0.0,,,,19.3,47.2,67,21.33,3.3
38.3452,-0.4815,19.0,2026-03-27,3,Overcast,16.0,8.5,12.5,13.8,6.3,10.3,2026-03-27T07:54,2026-03-27T20:20,44724.02,42075.21,,,0.0,0.0,0.0,0.0,0.0,,,,15.5,40.3,48,16.51,2.68
38.3452,-0.4815,19.0,2026-03-28,51,Light drizzle,16.5,7.0,12.6,14.1,4.9,10.6,2026-03-28T07:52,2026-03-28T20:21,44873.48,43200.0,,,0.1,0.1,0.0,0.0,1.0,,,,19.4,46.4,230,16.91,2.72
38.3452,-0.4815,19.0,2026-03-29,3,Overcast,15.4,10.8,13.4,11.7,4.5,7.9,2026-03-29T07:51,2026-03-29T20:22,45023.09,43200.0,,,0.0,0.0,0.0,0.0,0.0,,,,33.6,74.2,356,20.74,5.24
38.3452,-0.4815,19.0,2026-03-30,2,Partly cloudy,17.1,6.9,12.5,13.7,2.8,8.7,2026-03-30T07:49,2026-03-30T20:22,45172.76,43200.0,,,0.0,0.0,0.0,0.0,0.0,,,,18.0,43.9,250,22.53,4.47
38.3452,-0.4815,19.0,2026-03-31,1,Mainly clear,18.2,9.1,14.0,17.7,6.0,12.3,2026-03-31T07:48,2026-03-31T20:23,45322.38,43200.0,,,0.0,0.0,0.0,0.0,0.0,,,,12.6,34.6,78,22.21,3.65
38.3452,-0.4815,19.0,2026-04-01,1,Mainly clear,19.0,8.8,13.8,16.7,6.2,12.0,2026-04-01T07:46,2026-04-01T20:24,45471.88,43200.0,,,0.0,0.0,0.0,0.0,0.0,,,,19.0,44.6,227,21.9,3.36
38.3452,-0.4815,19.0,2026-04-02,3,Overcast,20.0,11.7,15.1,17.6,7.9,12.5,2026-04-02T07:45,2026-04-02T20:25,45621.14,43200.0,,,0.0,0.0,0.0,0.0,0.0,,,,19.0,45.4,299,21.3,4.13
38.3452,-0.4815,19.0,2026-04-03,0,Clear sky,19.6,9.0,14.3,17.4,5.3,11.9,2026-04-03T07:43,2026-04-03T20:26,45770.09,43200.0,,,0.0,0.0,0.0,0.0,0.0,,,,13.7,36.4,316,23.15,4.19
38.3452,-0.4815,19.0,2026-04-04,0,Clear sky,19.5,8.8,14.3,18.5,6.7,12.6,2026-04-04T07:42,2026-04-04T20:27,45918.62,43200.0,,,0.0,0.0,0.0,0.0,0.0,,,,18.0,43.6,213,22.82,3.75
38.3452,-0.4815,19.0,2026-04-05,1,Mainly clear,19.8,10.7,15.4,19.3,9.0,14.3,2026-04-05T07:40,2026-04-05T20:28,46066.64,43200.0,,,0.0,0.0,0.0,0.0,0.0,,,,10.1,28.8,115,23.2,3.79
38.3452,-0.4815,19.0,2026-04-06,3,Overcast,19.4,12.6,15.9,18.3,10.5,14.3,2026-04-06T07:39,2026-04-06T20:29,46214.04,43200.0,,,0.0,0.0,0.0,0.0,0.0,,,,17.5,42.5,67,23.41,3.97
38.3452,-0.4815,19.0,2026-04-07,3,Overcast,19.5,11.6,16.3,18.3,9.8,14.5,2026-04-07T07:37,2026-04-07T20:30,46360.72,41892.38,,,0.0,0.0,0.0,0.0,0.0,,,,19.9,45.4,76,20.78,3.71
38.3452,-0.4815,19.0,2026-04-08,3,Overcast,21.0,15.6,18.0,20.7,14.1,17.2,2026-04-08T07:36,2026-04-08T20:31,46506.59,42071.7,,,0.0,0.0,0.0,0.0,0.0,,,,13.7,37.1,73,19.82,3.58
38.3452,-0.4815,19.0,2026-04-09,3,Overcast,24.2,14.2,19.1,22.1,12.4,17.3,2026-04-09T07:34,2026-04-09T20:32,46651.54,43200.0,,,0.0,0.0,0.0,0.0,0.0,,,,19.1,42.8,73,23.66,5.1
38.3452,-0.4815,19.0,2026-04-10,3,Overcast,25.3,17.7,21.3,23.0,15.3,18.2,2026-04-10T07:33,2026-04-10T20:33,46795.47,43200.0,,,0.0,0.0,0.0,0.0,0.0,,,,21.4,42.8,65,23.81,6.16
38.3452,-0.4815,19.0,2026-04-11,51,Light drizzle,23.2,17.2,20.6,22.4,15.9,18.5,2026-04-11T07:31,2026-04-11T20:34,46938.26,19150.08,,,0.1,0.1,0.0,0.0,1.0,,,,20.8,41.4,78,16.13,4.44
38.3452,-0.4815,19.0,2026-04-12,61,Slight rain,20.4,14.3,17.7,21.1,13.7,16.2,2026-04-12T07:30,2026-04-12T20:35,47079.93,8369.17,,,4.0,4.0,0.0,0.0,11.0,,,,27.9,52.9,25,11.13,3.01
38.3452,-0.4815,19.0,2026-04-13,63,Moderate rain,18.7,11.2,13.9,17.2,8.3,12.1,2026-04-13T07:28,2026-04-13T20:36,47221.48,41652.11,,,11.4,11.4,0.0,0.0,7.0,,,,18.7,42.5,358,18.62,3.19
38.3452,-0.4815,19.0,2026-04-14,3,Overcast,19.8,10.2,14.6,19.3,6.3,12.3,2026-04-14T07:27,2026-04-14T20:37,47363.08,43200.0,,,0.0,0.0,0.0,0.0,0.0,,,,18.5,43.6,328,21.84,4.06
38.3452,-0.4815,19.0,2026-04-15,1,Mainly clear,19.6,9.9,14.9,21.3,8.8,14.7,2026-04-15T07:26,2026-04-15T20:37,47504.61,43200.0,,,0.0,0.0,0.0,0.0,0.0,,,,8.8,23.8,59,24.32,3.86
38.3452,-0.4815,19.0,2026-04-16,0,Clear sky,20.1,12.8,16.6,21.9,12.3,17.0,2026-04-16T07:24,2026-04-16T20:38,47645.99,43349.93,,,0.0,0.0,0.0,0.0,0.0,,,,9.6,27.0,92,24.4,3.86
38.3452,-0.4815,19.0,2026-04-17,3,Overcast,20.5,13.4,16.7,21.9,12.3,16.7,2026-04-17T07:23,2026-04-17T20:39,47787.11,43323.61,,,0.0,0.0,0.0,0.0,0.0,,,,8.9,26.3,186,23.63,3.85
38.3452,-0.4815,19.0,2026-04-18,3,Overcast,22.3,13.7,17.7,22.2,12.1,17.1,2026-04-18T07:21,2026-04-18T20:40,47927.89,43596.78,,,0.0,0.0,0.0,0.0,0.0,,,,12.5,32.0,181,23.84,4.1
38.3452,-0.4815,19.0,2026-04-19,1,Mainly clear,22.7,12.8,18.0,22.5,11.0,17.2,2026-04-19T07:20,2026-04-19T20:41,48068.2,43724.72,,,0.0,0.0,0.0,0.0,0.0,,,,12.8,32.0,204,24.96,4.5
38.3452,-0.4815,19.0,2026-04-20,3,Overcast,23.0,13.2,18.0,23.1,11.9,17.5,2026-04-20T07:19,2026-04-20T20:42,48207.96,43314.44,,,0.0,0.0,0.0,0.0,0.0,,,,11.8,32.0,187,25.14,4.43
38.3452,-0.4815,19.0,2026-04-21,3,Overcast,21.7,13.7,18.0,23.6,12.5,18.2,2026-04-21T07:17,2026-04-21T20:43,48347.06,44196.92,,,0.0,0.0,0.0,0.0,0.0,,,,10.9,30.2,95,25.05,4.2
38.3452,-0.4815,19.0,2026-04-22,3,Overcast,22.9,14.7,19.0,25.1,13.0,19.4,2026-04-22T07:16,2026-04-22T20:44,48485.38,43494.07,,,0.0,0.0,0.0,0.0,0.0,,,,9.8,28.8,158,24.37,4.27
38.3452,-0.4815,19.0,2026-04-23,3,Overcast,24.0,14.3,19.5,22.5,14.4,18.9,2026-04-23T07:14,2026-04-23T20:45,48622.83,42661.0,,,0.0,0.0,0.0,0.0,0.0,,,,28.5,62.3,71,24.27,4.75
38.3452,-0.4815,19.0,2026-04-24,53,Moderate drizzle,21.1,16.1,18.0,19.3,15.3,16.8,2026-04-24T07:13,2026-04-24T20:46,48759.28,27286.34,,,0.8,0.8,0.0,0.0,3.0,,,,28.8,62.6,78,17.38,3.38
38.3452,-0.4815,19.0,2026-04-25,61,Slight rain,18.8,15.1,16.6,18.3,14.2,16.2,2026-04-25T07:12,2026-04-25T20:47,48894.62,17142.63,,,5.4,5.4,0.0,0.0,6.0,,,,11.6,28.8,49,12.37,2.29
38.3452,-0.4815,19.0,2026-04-26,3,Overcast,18.8,11.9,15.7,18.8,10.7,15.6,2026-04-26T07:11,2026-04-26T20:48,49028.75,44191.14,,,0.0,0.0,0.0,0.0,0.0,,,,16.6,41.0,66,24.83,3.69
38.3452,-0.4815,19.0,2026-04-27,0,Clear sky,19.5,12.8,16.6,19.1,12.3,16.1,2026-04-27T07:09,2026-04-27T20:49,49161.53,45348.62,,,0.0,0.0,0.0,0.0,0.0,,,,19.8,46.4,71,25.52,3.96
38.3452,-0.4815,19.0,2026-04-28,51,Light drizzle,21.7,12.1,17.4,20.2,10.9,16.4,2026-04-28T07:08,2026-04-28T20:50,49292.85,37544.9,,,0.2,0.2,0.0,0.0,1.0,,,,21.0,47.9,72,17.37,3.27
38.3452,-0.4815,19.0,2026-04-29,3,Overcast,21.5,14.8,18.2,22.3,14.3,18.7,2026-04-29T07:07,2026-04-29T20:51,49422.59,42429.74,,,0.0,0.0,0.0,0.0,0.0,,,,12.7,34.9,106,22.17,3.7
38.3452,-0.4815,19.0,2026-04-30,3,Overcast,22.0,14.9,18.6,23.2,15.4,19.6,2026-04-30T07:06,2026-04-30T20:52,49550.62,44265.22,,,0.0,0.0,0.0,0.0,0.0,,,,11.8,33.5,125,24.31,4.06
38.3452,-0.4815,19.0,2026-05-01,63,Moderate rain,22.6,16.8,19.1,23.6,18.2,20.2,2026-05-01T07:04,2026-05-01T20:53,49676.8,41084.98,,,6.5,6.5,0.0,0.0,7.0,,,,16.7,40.0,102,18.44,3.13
38.3452,-0.4815,19.0,2026-05-02,51,Light drizzle,20.7,16.3,18.7,20.4,17.5,19.1,2026-05-02T07:03,2026-05-02T20:54,49801.14,28867.8,,,0.8,0.8,0.0,0.0,5.0,,,,16.2,39.2,76,16.37,2.91
38.3452,-0.4815,19.0,2026-05-03,3,Overcast,22.1,15.8,18.5,23.2,16.6,19.2,2026-05-03T07:02,2026-05-03T20:54,49924.56,29240.27,,,0.0,0.0,0.0,0.0,0.0,,,,15.8,39.6,87,20.03,3.48
38.3452,-0.4815,19.0,2026-05-04,53,Moderate drizzle,22.4,17.7,19.5,23.4,19.0,20.7,2026-05-04T07:01,2026-05-04T20:55,50047.23,39419.35,,,3.3,3.3,0.0,0.0,15.0,,,,16.7,39.2,163,19.37,3.38
38.3452,-0.4815,19.0,2026-05-05,51,Light drizzle,22.7,14.8,18.7,22.3,14.2,19.0,2026-05-05T07:00,2026-05-05T20:56,50169.03,46158.41,,,0.2,0.2,0.0,0.0,1.0,,,,18.7,48.6,156,24.29,4.15
38.3452,-0.4815,19.0,2026-05-06,51,Light drizzle,22.1,14.2,18.2,21.0,13.6,17.2,2026-05-06T06:59,2026-05-06T20:57,50289.85,44309.41,,,0.2,0.2,0.0,0.0,1.0,,,,21.8,55.4,68,23.6,4.21
38.3452,-0.4815,19.0,2026-05-07,51,Light drizzle,20.0,14.2,17.1,18.8,13.4,16.5,2026-05-07T06:58,2026-05-07T20:58,50409.58,27656.58,,,1.6,1.6,0.0,0.0,8.0,,,,18.6,45.4,64,15.87,2.83
38.3452,-0.4815,19.0,2026-05-08,53,Moderate drizzle,19.8,11.9,16.1,20.7,11.4,16.0,2026-05-08T06:57,2026-05-08T20:59,50528.13,28800.0,,,1.2,1.2,0.0,0.0,3.0,,,,12.1,28.8,76,19.92,3.33
38.3452,-0.4815,19.0,2026-05-09,63,Moderate rain,19.4,14.4,16.9,20.0,14.0,17.0,2026-05-09T06:56,2026-05-09T21:00,50645.37,17699.59,,,22.0,22.0,0.0,0.0,9.0,,,,16.3,37.1,152,11.41,1.97
38.3452,-0.4815,19.0,2026-05-10,63,Moderate rain,22.0,12.8,18.1,24.0,12.2,18.6,2026-05-10T06:55,2026-05-10T21:01,50761.19,44520.28,,,3.0,3.0,0.0,0.0,1.0,,,,17.9,39.6,209,23.61,4.06
38.3452,-0.4815,19.0,2026-05-11,3,Overcast,23.3,14.6,19.0,23.3,13.0,18.5,2026-05-11T06:54,2026-05-11T21:02,50875.48,48900.09,,,0.0,0.0,0.0,0.0,0.0,,,,22.8,50.8,226,27.24,4.9
38.3452,-0.4815,19.0,2026-05-12,51,Light drizzle,24.9,14.7,19.8,24.3,14.0,19.3,2026-05-12T06:53,2026-05-12T21:03,50988.1,49958.51,,,0.3,0.3,0.0,0.0,2.0,,,,20.5,47.2,218,25.61,5.06
38.3452,-0.4815,19.0,2026-05-13,2,Partly cloudy,26.9,16.5,21.0,26.1,14.4,19.0,2026-05-13T06:52,2026-05-13T21:04,51098.96,50389.89,,,0.0,0.0,0.0,0.0,0.0,,,,23.6,52.9,236,26.94,6.32
38.3452,-0.4815,19.0,2026-05-14,3,Overcast,24.0,16.2,20.5,25.5,14.4,19.7,2026-05-14T06:51,2026-05-14T21:05,51207.92,50400.0,,,0.0,0.0,0.0,0.0,0.0,,,,16.9,42.5,194,25.97,5.36
38.3452,-0.4815,19.0,2026-05-15,3,Overcast,25.7,16.8,20.2,23.2,14.6,18.0,2026-05-15T06:50,2026-05-15T21:06,51314.86,36771.26,,,0.0,0.0,0.0,0.0,0.0,,,,21.1,50.8,293,19.94,4.98
38.3452,-0.4815,19.0,2026-05-16,1,Mainly clear,22.8,10.0,16.5,21.8,8.0,14.6,2026-05-16T06:49,2026-05-16T21:06,51419.64,50400.0,,,0.0,0.0,0.0,0.0,0.0,,,,21.6,50.8,1,29.12,5.31
38.3452,-0.4815,19.0,2026-05-17,53,Moderate drizzle,21.2,11.8,17.1,21.6,10.8,16.6,2026-05-17T06:48,2026-05-17T21:07,51522.15,46800.0,,,0.8,0.8,0.0,0.0,3.0,,,,12.6,34.2,200,25.17,4.36
38.3452,-0.4815,19.0,2026-05-18,51,Light drizzle,22.5,13.7,18.7,23.3,13.3,19.1,2026-05-18T06:48,2026-05-18T21:08,51622.25,50400.0,,,0.6,0.6,0.0,0.0,2.0,,,,16.2,38.2,170,25.43,4.39
38.3452,-0.4815,19.0,2026-05-19,2,Partly cloudy,26.0,15.4,20.9,26.8,14.9,21.3,2026-05-19T06:47,2026-05-19T21:09,51719.81,50400.0,,,0.0,0.0,0.0,0.0,0.0,,,,18.4,42.8,183,28.76,5.42
38.3452,-0.4815,19.0,2026-05-20,2,Partly cloudy,25.3,17.3,21.3,27.0,18.7,22.2,2026-05-20T06:46,2026-05-20T21:10,51814.69,50400.0,,,0.0,0.0,0.0,0.0,0.0,,,,11.5,31.0,87,28.93,5.38
38.3452,-0.4815,19.0,2026-05-21,0,Clear sky,26.2,17.8,22.1,26.4,16.1,21.5,2026-05-21T06:45,2026-05-21T21:11,51906.75,50400.0,,,0.0,0.0,0.0,0.0,0.0,,,,13.4,35.6,76,29.36,5.77
38.3452,-0.4815,19.0,2026-05-22,0,Clear sky,26.8,18.8,22.7,27.4,17.1,22.2,2026-05-22T06:45,2026-05-22T21:11,51995.97,50400.0,,,0.0,0.0,0.0,0.0,0.0,,,,12.8,33.8,78,29.3,5.84
38.3452,-0.4815,19.0,2026-05-23,1,Mainly clear,26.1,17.7,22.4,26.4,16.6,22.0,2026-05-23T06:44,2026-05-23T21:12,52083.06,50400.0,,,0.0,0.0,0.0,0.0,0.0,,,,14.5,37.8,73,29.52,5.82
38.3452,-0.4815,19.0,2026-05-24,3,Overcast,26.7,17.7,22.4,26.8,16.7,21.8,2026-05-24T06:43,2026-05-24T21:13,52168.15,50400.0,,,0.0,0.0,0.0,0.0,0.0,,,,14.1,36.7,75,29.37,5.89
38.3452,-0.4815,19.0,2026-05-25,1,Mainly clear,25.2,18.1,22.1,26.0,16.8,22.2,2026-05-25T06:43,2026-05-25T21:14,52251.14,50400.0,,,0.0,0.0,0.0,0.0,0.0,,,,16.9,42.8,79,29.16,5.52
38.3452,-0.4815,19.0,2026-05-26,0,Clear sky,26.3,17.2,22.2,26.9,16.4,22.1,2026-05-26T06:42,2026-05-26T21:15,52331.95,50400.0,,,0.0,0.0,0.0,0.0,0.0,,,,16.0,41.0,64,29.45,5.91
38.3452,-0.4815,19.0,2026-05-27,3,Overcast,27.3,16.2,22.5,28.3,15.8,22.6,2026-05-27T06:42,2026-05-27T21:15,52410.49,50400.0,,,0.0,0.0,0.0,0.0,0.0,,,,11.5,32.4,107,29.14,5.81
38.3452,-0.4815,19.0,2026-05-28,0,Clear sky,27.7,17.8,23.1,28.9,17.0,23.4,2026-05-28T06:41,2026-05-28T21:16,52486.68,50400.0,,,0.0,0.0,0.0,0.0,0.0,,,,10.6,32.0,123,29.84,5.94
38.3452,-0.4815,19.0,2026-05-29,0,Clear sky,29.1,19.0,24.2,29.2,17.2,23.5,2026-05-29T06:41,2026-05-29T21:17,52560.42,50400.0,,,0.0,0.0,0.0,0.0,0.0,,,,14.5,36.7,200,29.55,6.59
38.3452,-0.4815,19.0,2026-05-30,3,Overcast,29.1,20.7,25.3,29.4,18.8,24.6,2026-05-30T06:40,2026-05-30T21:18,52631.63,50400.0,,,0.0,0.0,0.0,0.0,0.0,,,,15.5,39.2,196,28.78,6.5
38.3452,-0.4815,19.0,2026-05-31,3,Overcast,28.1,20.7,24.5,30.5,22.6,26.3,2026-05-31T06:40,2026-05-31T21:18,52700.22,50400.0,,,0.0,0.0,0.0,0.0,0.0,,,,11.0,33.1,116,28.39,5.59
38.3452,-0.4815,19.0,2026-06-01,3,Overcast,28.4,20.5,24.5,31.0,21.3,26.2,2026-06-01T06:40,2026-06-01T21:19,52766.1,50400.0,,,0.0,0.0,0.0,0.0,0.0,,,,12.6,34.2,124,28.65,5.67
38.3452,-0.4815,19.0,2026-06-02,3,Overcast,31.6,21.3,26.0,33.7,20.6,27.1,2026-06-02T06:39,2026-06-02T21:20,52829.18,48625.78,,,0.0,0.0,0.0,0.0,0.0,,,,16.5,40.7,174,26.68,6.13
38.3452,-0.4815,19.0,2026-06-03,1,Mainly clear,25.9,22.4,24.2,28.8,23.9,25.5,2026-06-03T06:39,2026-06-03T21:20,52889.37,50400.0,,,0.0,0.0,0.0,0.0,0.0,,,,23.3,53.6,76,27.01,5.51
38.3452,-0.4815,19.0,2026-06-04,51,Light drizzle,26.2,21.3,23.6,28.8,23.4,25.9,2026-06-04T06:39,2026-06-04T21:21,52946.59,47967.73,,,0.2,0.2,0.0,0.0,2.0,,,,21.2,50.0,192,26.79,4.88
38.3452,-0.4815,19.0,2026-06-05,51,Light drizzle,25.8,21.5,23.2,25.7,22.0,23.7,2026-06-05T06:38,2026-06-05T21:22,53000.74,50380.3,,,0.3,0.3,0.0,0.0,2.0,,,,25.1,57.6,73,22.53,4.67
38.3452,-0.4815,19.0,2026-06-06,51,Light drizzle,25.9,20.9,23.1,29.0,22.7,25.2,2026-06-06T06:38,2026-06-06T21:22,53051.73,48886.59,,,0.6,0.6,0.0,0.0,6.0,,,,12.2,34.2,101,26.22,4.94
38.3452,-0.4815,19.0,2026-06-07,3,Overcast,25.8,20.1,23.3,25.8,22.3,24.1,2026-06-07T06:38,2026-06-07T21:23,53099.48,47027.17,,,0.0,0.0,0.0,0.0,0.0,,,,27.2,61.6,78,27.29,5.33
38.3452,-0.4815,19.0,2026-06-08,0,Clear sky,26.7,19.9,23.5,29.5,21.3,25.5,2026-06-08T06:38,2026-06-08T21:23,53143.9,50400.0,,,0.0,0.0,0.0,0.0,0.0,,,,13.5,36.4,159,28.68,5.49
38.3452,-0.4815,19.0,2026-06-09,1,Mainly clear,26.5,21.0,23.4,29.5,23.5,25.8,2026-06-09T06:37,2026-06-09T21:24,53184.9,50400.0,,,0.0,0.0,0.0,0.0,0.0,,,,19.5,42.8,91,27.41,5.12
38.3452,-0.4815,19.0,2026-06-10,3,Overcast,25.0,21.8,23.2,26.5,22.8,24.6,2026-06-10T06:37,2026-06-10T21:24,53222.39,44391.94,,,0.0,0.0,0.0,0.0,0.0,,,,21.9,51.1,85,20.94,4.18
38.3452,-0.4815,19.0,2026-06-11,51,Light drizzle,25.6,21.2,23.1,27.2,22.1,23.7,2026-06-11T06:37,2026-06-11T21:25,53256.33,49168.38,,,0.1,0.1,0.0,0.0,1.0,,,,15.5,40.3,75,24.11,5.09
38.3452,-0.4815,19.0,2026-06-12,3,Overcast,26.1,19.2,23.1,26.5,19.9,23.4,2026-06-12T06:37,2026-06-12T21:25,53286.99,50400.0,,,0.0,0.0,0.0,0.0,0.0,,,,16.9,42.5,64,29.45,6.02
38.3452,-0.4815,19.0,2026-06-13,3,Overcast,27.9,20.1,24.3,27.8,18.9,23.9,2026-06-13T06:37,2026-06-13T21:26,53314.43,48110.06,,,0.0,0.0,0.0,0.0,0.0,,,,15.5,39.6,84,27.36,6.03
38.3452,-0.4815,19.0,2026-06-14,3,Overcast,27.3,20.7,24.1,29.2,20.1,24.9,2026-06-14T06:37,2026-06-14T21:26,53338.63,49149.33,,,0.0,0.0,0.0,0.0,0.0,,,,15.2,40.0,111,28.86,5.7
38.3452,-0.4815,19.0,2026-06-15,53,Moderate drizzle,28.8,20.0,24.2,31.4,20.9,26.1,2026-06-15T06:37,2026-06-15T21:27,53359.6,49094.81,,,1.4,1.4,0.0,0.0,4.0,,,,14.5,33.5,127,26.49,5.45
38.3452,-0.4815,19.0,2026-06-16,0,Clear sky,27.2,21.3,24.3,30.5,23.5,26.9,2026-06-16T06:37,2026-06-16T21:27,53377.32,50400.0,,,0.0,0.0,0.0,0.0,0.0,,,,12.3,34.9,84,29.28,5.56
38.3452,-0.4815,19.0,2026-06-17,2,Partly cloudy,29.5,20.7,25.9,30.7,19.8,26.1,2026-06-17T06:37,2026-06-17T21:27,53391.79,50400.0,,,0.0,0.0,0.0,0.0,0.0,,,,19.7,45.7,80,29.49,6.78
38.3452,-0.4815,19.0,2026-06-18,53,Moderate drizzle,27.4,21.1,24.6,31.2,19.8,25.7,2026-06-18T06:38,2026-06-18T21:28,53403.0,50400.0,,,0.5,0.5,0.0,0.0,1.0,,,,21.7,51.1,89,25.89,5.28
38.3452,-0.4815,19.0,2026-06-19,3,Overcast,29.3,20.3,25.4,31.7,21.1,27.4,2026-06-19T06:38,2026-06-19T21:28,53410.96,50400.0,,,0.0,0.0,0.0,0.0,0.0,,,,20.6,47.9,81,27.77,5.78
38.3452,-0.4815,19.0,2026-06-20,3,Overcast,31.1,23.0,27.5,31.9,24.7,28.7,2026-06-20T06:38,2026-06-20T21:28,53415.65,50400.0,,,0.0,0.0,0.0,0.0,0.0,,,,27.2,57.6,80,27.06,6.67
38.3452,-0.4815,19.0,2026-06-21,1,Mainly clear,31.3,24.6,28.9,32.0,25.4,29.1,2026-06-21T06:38,2026-06-21T21:28,53417.08,50400.0,,,0.0,0.0,0.0,0.0,0.0,,,,26.6,58.7,72,29.09,7.8
38.3452,-0.4815,19.0,2026-06-22,3,Overcast,31.8,25.6,28.6,33.4,25.4,29.3,2026-06-22T06:38,2026-06-22T21:29,53415.25,50400.0,,,0.0,0.0,0.0,0.0,0.0,,,,20.2,46.4,77,29.62,7.34
38.3452,-0.4815,19.0,2026-06-23,3,Overcast,32.5,25.8,28.9,34.1,24.8,29.2,2026-06-23T06:39,2026-06-23T21:29,53410.17,50400.0,,,0.0,0.0,0.0,0.0,0.0,,,,13.5,35.6,71,29.33,7.28
38.3452,-0.4815,19.0,2026-06-24,0,Clear sky,31.9,23.9,27.8,33.1,23.5,28.7,2026-06-24T06:39,2026-06-24T21:29,53401.83,50400.0,,,0.0,0.0,0.0,0.0,0.0,,,,15.9,40.7,76,29.32,6.62
38.3452,-0.4815,19.0,2026-06-25,3,Overcast,29.8,23.1,26.6,32.8,21.9,28.6,2026-06-25T06:39,2026-06-25T21:29,53390.25,50400.0,,,0.0,0.0,0.0,0.0,0.0,,,,15.3,39.2,92,28.46,6.12
38.3452,-0.4815,19.0,2026-06-26,3,Overcast,28.2,22.8,25.3,32.8,27.0,29.3,2026-06-26T06:40,2026-06-26T21:29,53375.42,50400.0,,,0.0,0.0,0.0,0.0,0.0,,,,12.2,34.6,94,28.33,5.4
38.3452,-0.4815,19.0,2026-06-27,1,Mainly clear,29.2,21.6,25.3,33.8,25.0,29.0,2026-06-27T06:40,2026-06-27T21:29,53357.38,50400.0,,,0.0,0.0,0.0,0.0,0.0,,,,11.9,33.1,73,28.76,5.6
38.3452,-0.4815,19.0,2026-06-28,3,Overcast,29.6,23.5,26.5,34.2,26.3,29.6,2026-06-28T06:40,2026-06-28T21:29,53336.11,47146.98,,,0.0,0.0,0.0,0.0,0.0,,,,14.3,38.9,74,25.77,5.31
38.3452,-0.4815,19.0,2026-06-29,1,Mainly clear,30.6,23.2,27.5,33.7,26.4,30.6,2026-06-29T06:41,2026-06-29T21:29,53311.63,50400.0,,,0.0,0.0,0.0,0.0,0.0,,,,22.6,52.2,85,28.07,5.98
38.3452,-0.4815,19.0,2026-06-30,2,Partly cloudy,30.9,24.7,27.8,34.6,26.2,30.6,2026-06-30T06:41,2026-06-30T21:29,53283.96,50400.0,,,0.0,0.0,0.0,0.0,0.0,,,,11.6,35.3,111,27.57,5.84
38.3452,-0.4815,19.0,2026-07-01,1,Mainly clear,31.0,23.7,27.7,34.9,25.7,31.0,2026-07-01T06:42,2026-07-01T21:29,53253.06,50400.0,,,0.0,0.0,0.0,0.0,0.0,,,,12.9,36.7,163,28.14,5.89
38.3452,-0.4815,19.0,2026-07-02,1,Mainly clear,28.9,24.7,26.8,31.9,27.9,30.2,2026-07-02T06:42,2026-07-02T21:29,53218.64,50400.0,,,0.0,0.0,0.0,0.0,0.0,,,,18.6,45.4,73,26.44,5.4
38.3452,-0.4815,19.0,2026-07-03,0,Clear sky,32.3,22.8,27.6,33.8,24.3,29.0,2026-07-03T06:43,2026-07-03T21:29,53180.67,50400.0,,,0.0,0.0,0.0,0.0,0.0,,,,14.3,37.1,190,29.21,6.74
38.3452,-0.4815,19.0,2026-07-04,0,Clear sky,31.2,22.5,27.3,33.2,22.3,28.3,2026-07-04T06:43,2026-07-04T21:29,53139.26,50400.0,,,0.0,0.0,0.0,0.0,0.0,,,,13.7,37.1,190,28.93,6.55
38.3452,-0.4815,19.0,2026-07-05,0,Clear sky,31.6,23.8,27.6,34.2,24.0,29.2,2026-07-05T06:44,2026-07-05T21:28,53094.49,50400.0,,,0.0,0.0,0.0,0.0,0.0,,,,13.6,36.0,152,28.72,6.27
38.3452,-0.4815,19.0,2026-07-06,0,Clear sky,33.1,23.3,28.1,33.9,21.9,29.0,2026-07-06T06:44,2026-07-06T21:28,53046.45,50400.0,,,0.0,0.0,0.0,0.0,0.0,,,,15.8,40.3,186,29.71,6.82
38.3452,-0.4815,19.0,2026-07-07,0,Clear sky,34.0,23.6,28.6,34.6,22.5,29.2,2026-07-07T06:45,2026-07-07T21:28,52995.23,50400.0,,,0.0,0.0,0.0,0.0,0.0,,,,18.4,44.3,196,29.65,7.2
38.3452,-0.4815,19.0,2026-07-08,3,Overcast,35.4,23.7,29.5,36.8,21.5,30.3,2026-07-08T06:45,2026-07-08T21:28,52940.94,50400.0,,,0.0,0.0,0.0,0.0,0.0,,,,16.9,40.7,187,29.45,7.13
38.3452,-0.4815,19.0,2026-07-09,2,Partly cloudy,33.8,26.3,29.6,36.4,24.6,30.7,2026-07-09T06:46,2026-07-09T21:27,52883.64,50400.0,,,0.0,0.0,0.0,0.0,0.0,,,,15.5,38.9,167,29.28,6.63
38.3452,-0.4815,19.0,2026-07-10,3,Overcast,30.0,24.0,27.2,35.5,23.8,31.1,2026-07-10T06:47,2026-07-10T21:27,52823.45,50400.0,,,0.0,0.0,0.0,0.0,0.0,,,,13.3,36.4,85,27.67,5.71
38.3452,-0.4815,19.0,2026-07-11,3,Overcast,31.5,23.5,27.2,37.1,27.7,31.2,2026-07-11T06:47,2026-07-11T21:27,52760.45,45133.02,,,0.0,0.0,0.0,0.0,0.0,,,,18.2,45.4,89,27.0,5.67
38.3452,-0.4815,19.0,2026-07-12,3,Overcast,30.3,24.1,27.5,34.8,25.7,31.0,2026-07-12T06:48,2026-07-12T21:26,52694.73,50400.0,,,0.0,0.0,0.0,0.0,0.0,,,,19.5,47.2,85,27.52,5.63
38.3452,-0.4815,19.0,2026-07-13,51,Light drizzle,30.7,24.5,27.5,36.3,29.1,32.2,2026-07-13T06:49,2026-07-13T21:26,52626.39,50400.0,,,0.7,0.7,0.0,0.0,3.0,,,,12.9,36.0,143,26.11,5.31
38.3452,-0.4815,19.0,2026-07-14,3,Overcast,31.5,23.6,28.1,36.0,27.8,32.1,2026-07-14T06:49,2026-07-14T21:25,52555.51,50400.0,,,0.0,0.0,0.0,0.0,0.0,,,,11.2,32.4,145,27.8,5.92
38.3452,-0.4815,19.0,2026-07-15,3,Overcast,33.2,25.5,29.4,37.0,28.5,33.1,2026-07-15T06:50,2026-07-15T21:25,52482.18,50400.0,,,0.0,0.0,0.0,0.0,0.0,,,,16.1,40.3,184,27.5,6.19
38.3452,-0.4815,19.0,2026-07-16,3,Overcast,35.0,25.4,29.5,37.0,26.5,32.4,2026-07-16T06:51,2026-07-16T21:24,52406.51,47158.5,,,0.0,0.0,0.0,0.0,0.0,,,,17.8,42.1,173,26.09,6.19
38.3452,-0.4815,19.0,2026-07-17,3,Overcast,32.7,25.1,29.0,37.5,28.7,33.4,2026-07-17T06:52,2026-07-17T21:24,52328.57,47432.49,,,0.0,0.0,0.0,0.0,0.0,,,,14.4,38.2,87,25.06,5.5
38.3452,-0.4815,19.0,2026-07-18,3,Overcast,32.7,25.8,28.9,38.6,26.6,33.2,2026-07-18T06:52,2026-07-18T21:23,52248.46,50322.09,,,0.0,0.0,0.0,0.0,0.0,,,,14.7,40.3,104,26.9,5.81
38.3452,-0.4815,19.0,2026-07-19,3,Overcast,31.6,25.6,28.3,37.4,29.3,33.6,2026-07-19T06:53,2026-07-19T21:22,52166.27,42520.01,,,0.0,0.0,0.0,0.0,0.0,,,,13.9,36.7,111,22.76,4.85
38.3452,-0.4815,19.0,2026-07-20,3,Overcast,33.8,26.6,29.9,39.5,30.0,34.5,2026-07-20T06:54,2026-07-20T21:22,52082.07,46869.65,,,0.0,0.0,0.0,0.0,0.0,,,,12.3,37.4,179,22.55,5.29
38.3452,-0.4815,19.0,2026-07-21,3,Overcast,33.1,26.5,29.9,39.4,29.4,34.1,2026-07-21T06:55,2026-07-21T21:21,51995.87,47391.7,,,0.0,0.0,0.0,0.0,0.0,,,,14.8,38.2,125,25.82,5.89
38.3452,-0.4815,19.0,2026-07-22,3,Overcast,31.9,25.9,29.0,38.1,30.9,34.8,2026-07-22T06:55,2026-07-22T21:20,51906.91,48491.39,,,0.0,0.0,0.0,0.0,0.0,,,,12.9,38.5,90,25.69,5.41
38.3452,-0.4815,19.0,2026-07-23,51,Light drizzle,33.4,25.9,29.7,41.1,31.0,35.6,2026-07-23T06:56,2026-07-23T21:20,51815.14,50323.73,,,0.1,0.1,0.0,0.0,1.0,,,,16.6,41.8,178,24.29,5.36
38.3452,-0.4815,19.0,2026-07-24,2,Partly cloudy,32.5,26.6,29.5,39.3,29.2,34.9,2026-07-24T06:57,2026-07-24T21:19,51720.67,50276.36,,,0.0,0.0,0.0,0.0,0.0,,,,13.5,36.7,111,25.8,5.59
38.3452,-0.4815,19.0,2026-07-25,3,Overcast,36.6,25.8,30.2,36.6,24.4,31.2,2026-07-25T06:58,2026-07-25T21:18,51623.65,50163.58,,,0.0,0.0,0.0,0.0,0.0,,,,24.3,55.8,232,24.37,6.7
38.3452,-0.4815,19.0,2026-07-26,1,Mainly clear,30.1,24.1,27.7,30.9,22.1,27.7,2026-07-26T06:59,2026-07-26T21:17,51524.21,50179.5,,,0.0,0.0,0.0,0.0,0.0,,,,24.7,56.5,84,27.24,6.55
38.3452,-0.4815,19.0,2026-07-27,0,Clear sky,30.1,22.8,26.9,34.7,24.4,29.6,2026-07-27T07:00,2026-07-27T21:16,51422.49,50130.12,,,0.0,0.0,0.0,0.0,0.0,,,,13.1,38.5,98,27.29,5.75
38.3452,-0.4815,19.0,2026-07-28,3,Overcast,30.1,24.0,27.4,34.2,26.1,30.5,2026-07-28T07:00,2026-07-28T21:16,51318.59,48630.79,,,0.0,0.0,0.0,0.0,0.0,,,,13.1,35.3,75,27.31,5.85
38.3452,-0.4815,19.0,2026-07-29,0,Clear sky,30.9,24.5,27.7,35.1,25.5,30.8,2026-07-29T07:01,2026-07-29T21:15,51212.66,50029.79,,,0.0,0.0,0.0,0.0,0.0,,,,12.5,34.9,72,27.52,5.89
38.3452,-0.4815,19.0,2026-07-30,0,Clear sky,30.5,23.7,27.3,35.0,25.6,30.9,2026-07-30T07:02,2026-07-30T21:14,51104.81,49924.94,,,0.0,0.0,0.0,0.0,0.0,,,,11.6,33.5,143,27.32,5.56
38.3452,-0.4815,19.0,2026-07-31,2,Partly cloudy,30.8,23.6,27.5,35.4,25.1,31.1,2026-07-31T07:03,2026-07-31T21:13,50995.17,49627.45,,,0.0,0.0,0.0,0.0,0.0,,,,12.2,33.8,185,26.59,5.59
38.3452,-0.4815,19.0,2026-08-01,3,Overcast,31.4,24.4,28.0,36.6,29.4,32.9,2026-08-01T07:04,2026-08-01T21:12,50883.87,45105.32,,,0.0,0.0,0.0,0.0,0.0,,,,11.8,34.2,131,24.19,5.1
38.3452,-0.4815,19.0,2026-08-02,3,Overcast,31.9,24.4,28.3,37.8,28.2,33.6,2026-08-02T07:05,2026-08-02T21:11,50778.2,49350.57,7.95,7.95,0.0,0.0,0.0,0.0,0.0,0,0,0,13.1,30.6,154,27.45,5.66
38.3452,-0.4815,19.0,2026-08-03,3,Overcast,31.4,24.2,27.8,37.6,28.2,33.0,2026-08-03T07:06,2026-08-03T21:10,50663.78,40834.38,6.95,7.85,0.0,0.0,0.0,0.0,0.0,3,0,0,11.5,26.6,122,21.45,4.46
38.3452,-0.4815,19.0,2026-08-04,3,Overcast,31.6,23.9,28.3,39.1,24.5,32.9,2026-08-04T07:06,2026-08-04T21:09,50548.03,49720.95,7.9,7.9,0.0,0.0,0.0,0.0,0.0,0,0,0,15.6,34.6,110,26.41,5.42
38.3452,-0.4815,19.0,2026-08-05,2,Partly cloudy,31.6,25.4,28.4,37.5,27.8,33.0,2026-08-05T07:07,2026-08-05T21:08,50431.08,46294.12,7.85,7.85,0.0,0.0,0.0,0.0,0.0,0,0,0,18.3,40.0,99,25.78,5.38
